,date,Mkt-RF,SMB,HML,RF
2,2017-04-18,-0.25,0.31,-0.19,0.003
3,2017-04-19,-0.08,0.56,-0.44,0.003
4,2017-04-20,0.83,0.6,0.26,0.003
5,2017-04-21,-0.28,0.06,-0.15,0.003
6,2017-04-24,1.18,0.29,0.5,0.003
7,2017-04-25,0.65,0.4,-0.07,0.003
8,2017-04-26,0.04,0.75,0.32,0.003
9,2017-04-27,0.05,-0.2,-0.98,0.003
10,2017-04-28,-0.3,-0.76,-0.61,0.003
11,2017-05-01,0.21,0.25,-0.13,0.003
12,2017-05-02,0.03,-0.47,-0.21,0.003
13,2017-05-03,-0.19,-0.52,0.22,0.003
14,2017-05-04,0.02,-0.13,-0.36,0.003
15,2017-05-05,0.46,0.11,0.0,0.003
16,2017-05-08,-0.04,-0.21,0.26,0.003
17,2017-05-09,-0.05,0.4,-0.81,0.003
18,2017-05-10,0.2,0.25,0.03,0.003
19,2017-05-11,-0.26,-0.43,-0.15,0.003
20,2017-05-12,-0.18,-0.38,-0.61,0.003
21,2017-05-15,0.53,0.25,0.2,0.003
22,2017-05-16,-0.03,0.1,-0.09,0.003
23,2017-05-17,-1.97,-0.96,-0.6,0.003
24,2017-05-18,0.4,0.0,-0.39,0.003
25,2017-05-19,0.7,-0.34,0.4,0.003
26,2017-05-22,0.56,0.25,-0.3,0.003
27,2017-05-23,0.18,-0.01,0.65,0.003
28,2017-05-24,0.24,-0.19,-0.46,0.003
29,2017-05-25,0.42,-0.35,-0.75,0.003
30,2017-05-26,0.06,-0.03,0.1,0.003
31,2017-05-30,-0.19,-0.54,-0.34,0.003
32,2017-05-31,-0.02,-0.04,-0.53,0.003
33,2017-06-01,0.95,1.03,0.04,0.003
34,2017-06-02,0.35,0.44,-0.76,0.003
35,2017-06-05,-0.17,-0.46,-0.03,0.003
36,2017-06-06,-0.28,0.1,-0.03,0.003
37,2017-06-07,0.15,-0.12,-0.04,0.003
38,2017-06-08,0.18,1.19,0.93,0.003
39,2017-06-09,-0.12,0.31,2.44,0.003
40,2017-06-12,-0.11,-0.17,0.34,0.003
41,2017-06-13,0.55,0.06,-0.14,0.003
42,2017-06-14,-0.17,-0.55,-0.52,0.003
43,2017-06-15,-0.3,-0.3,-0.11,0.003
44,2017-06-16,-0.03,-0.25,-0.15,0.003
45,2017-06-19,0.86,0.1,-0.75,0.003
46,2017-06-20,-0.73,-0.45,-0.48,0.003
47,2017-06-21,-0.07,-0.23,-1.67,0.003
48,2017-06-22,0.02,0.46,-0.4,0.003
49,2017-06-23,0.24,0.75,-0.48,0.003
50,2017-06-26,0.04,0.09,0.7,0.003
51,2017-06-27,-0.85,-0.21,1.34,0.003
52,2017-06-28,1.02,0.8,0.21,0.003
53,2017-06-29,-0.83,0.05,1.37,0.003
54,2017-06-30,0.14,-0.09,-0.29,0.003
55,2017-07-03,0.24,0.44,1.21,0.004
56,2017-07-05,0.12,-0.69,-0.58,0.004
57,2017-07-06,-0.95,-0.44,0.12,0.004
58,2017-07-07,0.7,0.4,-0.41,0.004
59,2017-07-10,0.05,-0.47,-0.08,0.004
60,2017-07-11,0.0,0.29,-0.55,0.004
61,2017-07-12,0.72,0.06,-0.53,0.004
62,2017-07-13,0.17,-0.01,0.39,0.004
63,2017-07-14,0.42,-0.22,-0.52,0.004
64,2017-07-17,0.0,0.22,0.1,0.004
65,2017-07-18,0.04,-0.37,-0.31,0.004
66,2017-07-19,0.59,0.46,0.03,0.004
67,2017-07-20,0.0,0.06,-0.04,0.004
68,2017-07-21,-0.08,-0.42,-0.24,0.004
69,2017-07-24,-0.03,0.1,-0.19,0.004
70,2017-07-25,0.38,0.44,0.96,0.004
71,2017-07-26,-0.06,-0.48,-0.77,0.004
72,2017-07-27,-0.14,-0.68,0.44,0.004
73,2017-07-28,-0.17,-0.06,0.26,0.004
74,2017-07-31,-0.11,-0.28,0.43,0.004
75,2017-08-01,0.24,-0.13,0.14,0.004
76,2017-08-02,-0.08,-1.16,0.14,0.004
77,2017-08-03,-0.21,-0.36,-0.33,0.004
78,2017-08-04,0.25,0.36,0.39,0.004
79,2017-08-07,0.16,-0.1,-0.58,0.004
80,2017-08-08,-0.24,-0.08,0.24,0.004
81,2017-08-09,-0.14,-0.8,-0.07,0.004
82,2017-08-10,-1.49,-0.31,0.27,0.004
83,2017-08-11,0.19,0.17,-0.87,0.004
84,2017-08-14,1.03,0.33,0.13,0.004
85,2017-08-15,-0.11,-0.87,-0.03,0.004
86,2017-08-16,0.18,-0.14,-0.44,0.004
87,2017-08-17,-1.6,-0.18,-0.17,0.004
88,2017-08-18,-0.15,0.11,0.24,0.004
89,2017-08-21,0.06,-0.27,-0.22,0.004
90,2017-08-22,1.07,-0.02,-0.23,0.004
91,2017-08-23,-0.33,0.12,0.41,0.004
92,2017-08-24,-0.14,0.57,0.17,0.004
93,2017-08-25,0.18,0.16,0.56,0.004
94,2017-08-28,0.08,0.31,-0.73,0.004
95,2017-08-29,0.1,0.09,-0.39,0.004
96,2017-08-30,0.53,0.0,-0.31,0.004
97,2017-08-31,0.62,0.38,-0.43,0.004
98,2017-09-01,0.27,0.43,0.41,0.005
99,2017-09-05,-0.81,-0.03,-0.99,0.005
100,2017-09-06,0.28,-0.05,0.12,0.005
101,2017-09-07,-0.07,0.01,-0.92,0.005
102,2017-09-08,-0.16,0.13,0.38,0.005
103,2017-09-11,1.08,-0.06,0.64,0.005
104,2017-09-12,0.44,0.33,0.72,0.005
105,2017-09-13,0.11,0.27,0.33,0.005
106,2017-09-14,-0.12,-0.07,-0.06,0.005
107,2017-09-15,0.19,0.25,0.14,0.005
108,2017-09-18,0.24,0.4,0.2,0.005
109,2017-09-19,0.15,-0.2,0.39,0.005
110,2017-09-20,0.16,0.27,0.49,0.005
111,2017-09-21,-0.28,0.15,0.37,0.005
112,2017-09-22,0.12,0.43,0.12,0.005
113,2017-09-25,-0.25,0.35,0.6,0.005
114,2017-09-26,0.05,0.47,0.17,0.005
115,2017-09-27,0.63,1.44,0.23,0.005
116,2017-09-28,0.13,0.17,-0.04,0.005
117,2017-09-29,0.35,-0.14,-0.26,0.005
118,2017-10-02,0.5,0.88,0.13,0.004
119,2017-10-03,0.26,-0.03,-0.05,0.004
120,2017-10-04,0.05,-0.34,-0.46,0.004
121,2017-10-05,0.55,-0.31,0.38,0.004
122,2017-10-06,-0.08,-0.08,-0.26,0.004
123,2017-10-09,-0.22,-0.28,0.0,0.004
124,2017-10-10,0.24,0.04,0.43,0.004
125,2017-10-11,0.16,-0.25,-0.19,0.004
126,2017-10-12,-0.18,-0.11,-0.52,0.004
127,2017-10-13,0.04,-0.3,0.1,0.004
128,2017-10-16,0.17,-0.29,0.33,0.004
129,2017-10-17,0.01,-0.34,-0.3,0.004
130,2017-10-18,0.14,0.35,0.22,0.004
131,2017-10-19,0.02,-0.35,0.18,0.004
132,2017-10-20,0.57,0.0,0.27,0.004
133,2017-10-23,-0.45,-0.36,0.18,0.004
134,2017-10-24,0.2,-0.11,0.5,0.004
135,2017-10-25,-0.51,0.05,0.16,0.004
136,2017-10-26,0.2,0.07,0.3,0.004
137,2017-10-27,0.82,-0.05,-0.96,0.004
138,2017-10-30,-0.46,-0.79,-0.04,0.004
139,2017-10-31,0.23,0.77,-0.25,0.004
140,2017-11-01,0.05,-0.8,0.08,0.004
141,2017-11-02,0.06,0.02,0.5,0.004
142,2017-11-03,0.31,-0.54,-0.72,0.004
143,2017-11-06,0.06,0.15,0.2,0.004
144,2017-11-07,-0.2,-1.43,-0.41,0.004
145,2017-11-08,0.12,-0.04,-0.59,0.004
146,2017-11-09,-0.41,0.0,0.24,0.004
147,2017-11-10,0.01,0.06,-0.42,0.004
148,2017-11-13,0.09,-0.29,0.09,0.004
149,2017-11-14,-0.22,-0.06,0.01,0.004
150,2017-11-15,-0.52,0.05,0.22,0.004
151,2017-11-16,1.01,0.85,-0.54,0.004
152,2017-11-17,-0.14,0.72,0.29,0.004
153,2017-11-20,0.21,0.62,0.02,0.004
154,2017-11-21,0.67,0.36,-0.33,0.004
155,2017-11-22,-0.05,0.08,-0.07,0.004
156,2017-11-24,0.21,0.01,-0.43,0.004
157,2017-11-27,-0.06,-0.3,0.01,0.004
158,2017-11-28,1.06,0.57,0.87,0.004
159,2017-11-29,0.02,0.35,1.51,0.004
160,2017-11-30,0.82,-0.61,-0.51,0.004
161,2017-12-01,-0.22,-0.32,0.38,0.004
162,2017-12-04,-0.1,-0.13,1.23,0.004
163,2017-12-05,-0.43,-0.47,-0.23,0.004
164,2017-12-06,-0.09,-0.51,-0.53,0.004
165,2017-12-07,0.42,0.27,-0.2,0.004
166,2017-12-08,0.51,-0.44,-0.13,0.004
167,2017-12-11,0.26,-0.44,-0.19,0.004
168,2017-12-12,0.07,-0.44,0.5,0.004
169,2017-12-13,0.02,0.62,-0.89,0.004
170,2017-12-14,-0.47,-0.76,-0.22,0.004
171,2017-12-15,0.92,0.68,0.05,0.004
172,2017-12-18,0.67,0.82,0.27,0.004
173,2017-12-19,-0.3,-0.33,-0.24,0.004
174,2017-12-20,0.01,0.37,0.06,0.004
175,2017-12-21,0.24,0.3,0.63,0.004
176,2017-12-22,-0.07,-0.2,-0.21,0.004
177,2017-12-26,-0.07,0.31,-0.07,0.004
178,2017-12-27,0.05,-0.16,-0.2,0.004
179,2017-12-28,0.22,0.1,0.05,0.004
180,2017-12-29,-0.57,-0.31,0.0,0.004
181,2018-01-02,0.85,0.3,-0.22,0.006
182,2018-01-03,0.59,-0.46,-0.18,0.006
183,2018-01-04,0.42,-0.22,0.24,0.006
184,2018-01-05,0.66,-0.37,-0.26,0.006
185,2018-01-08,0.19,-0.2,0.04,0.006
186,2018-01-09,0.15,-0.38,-0.03,0.006
187,2018-01-10,-0.07,0.14,0.57,0.006
188,2018-01-11,0.87,1.13,0.31,0.006
189,2018-01-12,0.66,-0.32,0.16,0.006
190,2018-01-16,-0.49,-0.99,0.01,0.006
191,2018-01-17,0.95,-0.05,-0.1,0.006
192,2018-01-18,-0.18,-0.43,-0.25,0.006
193,2018-01-19,0.57,0.94,-0.04,0.006
194,2018-01-22,0.77,-0.35,-0.16,0.006
195,2018-01-23,0.22,0.07,-0.36,0.006
196,2018-01-24,-0.13,-0.75,0.44,0.006
197,2018-01-25,0.07,0.11,-0.54,0.006
198,2018-01-26,1.11,-0.61,-0.52,0.006
199,2018-01-29,-0.62,0.0,-0.25,0.006
200,2018-01-30,-1.06,0.12,-0.21,0.006
201,2018-01-31,-0.07,-0.68,0.11,0.006
202,2018-02-01,0.03,0.12,0.54,0.006
203,2018-02-02,-2.13,0.01,-0.29,0.006
204,2018-02-05,-4.03,0.66,-0.58,0.006
205,2018-02-06,1.67,-0.48,-0.18,0.006
206,2018-02-07,-0.38,0.61,0.21,0.006
207,2018-02-08,-3.68,0.8,0.52,0.006
208,2018-02-09,1.36,-0.55,0.15,0.006
209,2018-02-12,1.36,-0.47,-0.3,0.006
210,2018-02-13,0.31,0.13,-0.24,0.006
211,2018-02-14,1.52,0.29,0.48,0.006
212,2018-02-15,1.21,-0.16,-0.63,0.006
213,2018-02-16,0.03,0.36,0.16,0.006
214,2018-02-20,-0.62,-0.35,-0.24,0.006
215,2018-02-21,-0.43,0.8,0.23,0.006
216,2018-02-22,0.01,-0.04,-0.4,0.006
217,2018-02-23,1.54,-0.38,-0.15,0.006
218,2018-02-26,1.12,-0.48,-0.07,0.006
219,2018-02-27,-1.25,-0.19,0.03,0.006
220,2018-02-28,-1.11,-0.43,-0.31,0.006
221,2018-03-01,-1.19,0.96,-0.02,0.005
222,2018-03-02,0.7,1.11,-0.49,0.005
223,2018-03-05,1.06,-0.41,0.23,0.005
224,2018-03-06,0.36,0.69,0.12,0.005
225,2018-03-07,0.05,0.76,-0.44,0.005
226,2018-03-08,0.37,-0.57,-0.36,0.005
227,2018-03-09,1.7,-0.2,0.28,0.005
228,2018-03-12,-0.09,0.44,-0.08,0.005
229,2018-03-13,-0.67,0.1,0.03,0.005
230,2018-03-14,-0.53,0.14,-0.58,0.005
231,2018-03-15,-0.18,-0.38,0.32,0.005
232,2018-03-16,0.25,0.47,0.18,0.005
233,2018-03-19,-1.38,0.41,0.41,0.005
234,2018-03-20,0.15,-0.13,-0.36,0.005
235,2018-03-21,-0.06,0.69,0.45,0.005
236,2018-03-22,-2.54,0.4,-0.49,0.005
237,2018-03-23,-2.09,0.09,-0.23,0.005
238,2018-03-26,2.67,-0.62,0.03,0.005
239,2018-03-27,-1.87,-0.23,0.37,0.005
240,2018-03-28,-0.35,0.21,0.65,0.005
241,2018-03-29,1.41,-0.31,-0.22,0.005
242,2018-04-02,-2.29,-0.09,0.36,0.007
243,2018-04-03,1.24,-0.02,0.19,0.007
244,2018-04-04,1.17,0.34,-0.32,0.007
245,2018-04-05,0.75,0.05,0.47,0.007
246,2018-04-06,-2.19,0.37,-0.06,0.007
247,2018-04-09,0.3,-0.24,-0.53,0.007
248,2018-04-10,1.77,0.33,-0.12,0.007
249,2018-04-11,-0.49,0.79,-0.31,0.007
250,2018-04-12,0.84,-0.17,0.19,0.007
251,2018-04-13,-0.37,-0.1,-0.24,0.007
252,2018-04-16,0.82,0.14,-0.02,0.007
253,2018-04-17,1.09,0.01,-1.18,0.007
254,2018-04-18,0.13,0.21,0.02,0.007
255,2018-04-19,-0.49,-0.3,1.08,0.007
256,2018-04-20,-0.81,0.1,0.58,0.007
257,2018-04-23,-0.05,-0.06,0.2,0.007
258,2018-04-24,-1.3,0.65,1.02,0.007
259,2018-04-25,0.1,-0.27,0.08,0.007
260,2018-04-26,0.96,-0.55,-0.85,0.007
261,2018-04-27,0.01,-0.26,0.03,0.007
262,2018-04-30,-0.8,-0.07,-0.1,0.007
263,2018-05-01,0.24,0.25,-0.55,0.006
264,2018-05-02,-0.63,1.25,-0.36,0.006
265,2018-05-03,-0.25,-0.61,-0.15,0.006
266,2018-05-04,1.3,-0.02,-0.2,0.006
267,2018-05-07,0.42,0.37,-0.34,0.006
268,2018-05-08,0.07,0.51,0.24,0.006
269,2018-05-09,0.89,-0.28,0.26,0.006
270,2018-05-10,0.85,-0.38,-0.05,0.006
271,2018-05-11,0.19,0.14,-0.38,0.006
272,2018-05-14,0.05,-0.3,0.1,0.006
273,2018-05-15,-0.55,0.71,0.41,0.006
274,2018-05-16,0.5,0.7,-0.25,0.006
275,2018-05-17,0.02,0.86,0.3,0.006
276,2018-05-18,-0.23,0.45,-0.61,0.006
277,2018-05-21,0.72,-0.18,0.44,0.006
278,2018-05-22,-0.42,-0.65,0.61,0.006
279,2018-05-23,0.29,-0.07,-0.7,0.006
280,2018-05-24,-0.16,0.34,-0.35,0.006
281,2018-05-25,-0.21,0.24,-0.4,0.006
282,2018-05-29,-1.04,1.11,-1.02,0.006
283,2018-05-30,1.31,0.04,0.37,0.006
284,2018-05-31,-0.7,0.05,-0.43,0.006
285,2018-06-01,1.06,-0.21,-0.11,0.006
286,2018-06-04,0.48,0.18,-0.44,0.006
287,2018-06-05,0.16,0.78,-0.44,0.006
288,2018-06-06,0.86,-0.27,0.2,0.006
289,2018-06-07,-0.14,-0.26,0.93,0.006
290,2018-06-08,0.31,0.04,-0.4,0.006
291,2018-06-11,0.12,0.15,-0.16,0.006
292,2018-06-12,0.23,0.18,-0.63,0.006
293,2018-06-13,-0.33,0.03,-0.2,0.006
294,2018-06-14,0.27,0.2,-1.0,0.006
295,2018-06-15,-0.08,0.12,-0.25,0.006
296,2018-06-18,-0.09,0.74,0.08,0.006
297,2018-06-19,-0.38,0.54,-0.14,0.006
298,2018-06-20,0.23,0.66,-0.51,0.006
299,2018-06-21,-0.73,-0.55,0.34,0.006
300,2018-06-22,0.11,-0.08,0.46,0.006
301,2018-06-25,-1.48,-0.45,0.57,0.006
302,2018-06-26,0.27,0.51,-0.24,0.006
303,2018-06-27,-1.02,-1.01,0.36,0.006
304,2018-06-28,0.58,-0.21,-0.51,0.006
305,2018-06-29,0.07,-0.24,-0.24,0.006
306,2018-07-02,0.36,0.45,-0.26,0.008
307,2018-07-03,-0.44,0.76,-0.02,0.008
308,2018-07-05,0.87,0.39,-0.43,0.008
309,2018-07-06,0.88,-0.02,-0.3,0.008
310,2018-07-09,0.93,-0.29,0.86,0.008
311,2018-07-10,0.21,-0.82,-0.17,0.008
312,2018-07-11,-0.69,-0.06,-0.47,0.008
313,2018-07-12,0.86,-0.44,-1.14,0.008
314,2018-07-13,0.08,-0.18,-0.29,0.008
315,2018-07-16,-0.16,-0.61,0.98,0.008
316,2018-07-17,0.48,0.17,-0.76,0.008
317,2018-07-18,0.27,-0.14,0.67,0.008
318,2018-07-19,-0.34,0.91,-0.36,0.008
319,2018-07-20,-0.1,-0.17,0.13,0.008
320,2018-07-23,0.15,-0.2,0.55,0.008
321,2018-07-24,0.22,-1.32,0.4,0.008
322,2018-07-25,0.83,-0.59,-1.06,0.008
323,2018-07-26,-0.2,0.76,0.57,0.008
324,2018-07-27,-0.82,-1.21,1.06,0.008
325,2018-07-30,-0.7,0.01,1.57,0.008
326,2018-07-31,0.51,0.73,-1.11,0.008
327,2018-08-01,-0.13,-0.02,-0.19,0.007
328,2018-08-02,0.67,0.17,-0.68,0.007
329,2018-08-03,0.31,-0.93,0.51,0.007
330,2018-08-06,0.46,0.22,-0.33,0.007
331,2018-08-07,0.29,-0.02,-0.17,0.007
332,2018-08-08,-0.04,-0.11,0.26,0.007
333,2018-08-09,-0.05,0.34,-0.35,0.007
334,2018-08-10,-0.6,0.31,-0.21,0.007
335,2018-08-13,-0.46,-0.21,-0.29,0.007
336,2018-08-14,0.69,0.32,0.21,0.007
337,2018-08-15,-0.91,-0.52,-0.13,0.007
338,2018-08-16,0.86,-0.04,0.25,0.007
339,2018-08-17,0.3,0.13,0.02,0.007
340,2018-08-20,0.25,0.15,0.14,0.007
341,2018-08-21,0.33,0.92,0.12,0.007
342,2018-08-22,0.05,0.29,-0.35,0.007
343,2018-08-23,-0.19,-0.1,-0.33,0.007
344,2018-08-24,0.62,-0.08,-0.57,0.007
345,2018-08-27,0.74,-0.62,-0.16,0.007
346,2018-08-28,-0.01,-0.12,-0.28,0.007
347,2018-08-29,0.56,-0.14,-0.58,0.007
348,2018-08-30,-0.41,0.23,-0.42,0.007
349,2018-08-31,0.08,0.45,-0.39,0.007
350,2018-09-04,-0.11,-0.33,0.01,0.008
351,2018-09-05,-0.41,-0.04,0.66,0.008
352,2018-09-06,-0.44,-0.37,-0.24,0.008
353,2018-09-07,-0.18,0.08,-0.22,0.008
354,2018-09-10,0.23,0.08,-0.37,0.008
355,2018-09-11,0.37,-0.34,-0.24,0.008
356,2018-09-12,0.03,-0.12,-0.22,0.008
357,2018-09-13,0.45,-0.49,-0.41,0.008
358,2018-09-14,0.12,0.31,0.25,0.008
359,2018-09-17,-0.71,-0.35,0.84,0.008
360,2018-09-18,0.57,0.03,-0.49,0.008
361,2018-09-19,0.06,-0.5,1.28,0.008
362,2018-09-20,0.77,0.29,-0.23,0.008
363,2018-09-21,-0.13,-0.42,0.3,0.008
364,2018-09-24,-0.31,-0.05,-0.9,0.008
365,2018-09-25,-0.05,0.19,-0.38,0.008
366,2018-09-26,-0.4,-0.48,-0.64,0.008
367,2018-09-27,0.27,-0.34,-0.55,0.008
368,2018-09-28,-0.03,0.34,-0.2,0.008
369,2018-10-01,0.16,-1.62,0.34,0.008
370,2018-10-02,-0.21,-0.94,0.6,0.008
371,2018-10-03,0.2,0.89,0.5,0.008
372,2018-10-04,-0.93,-0.79,1.58,0.008
373,2018-10-05,-0.64,-0.41,0.39,0.008
374,2018-10-08,-0.17,-0.23,1.22,0.008
375,2018-10-09,-0.18,-0.41,0.29,0.008
376,2018-10-10,-3.33,0.41,1.12,0.008
377,2018-10-11,-1.96,0.37,-0.93,0.008
378,2018-10-12,1.38,-1.11,-1.75,0.008
379,2018-10-15,-0.48,1.0,0.52,0.008
380,2018-10-16,2.24,0.57,-1.43,0.008
381,2018-10-17,-0.08,-0.61,0.25,0.008
382,2018-10-18,-1.54,-0.53,0.42,0.008
383,2018-10-19,-0.25,-1.27,0.71,0.008
384,2018-10-22,-0.38,0.36,-1.25,0.008
385,2018-10-23,-0.62,-0.18,-0.42,0.008
386,2018-10-24,-3.33,-0.83,0.77,0.008
387,2018-10-25,1.93,0.31,-0.59,0.008
388,2018-10-26,-1.65,0.59,0.36,0.008
389,2018-10-29,-0.77,-0.1,1.6,0.008
390,2018-10-30,1.66,0.45,0.08,0.008
391,2018-10-31,1.22,-0.7,-0.74,0.008
392,2018-11-01,1.29,1.22,-1.14,0.008
393,2018-11-02,-0.53,0.84,0.66,0.008
394,2018-11-05,0.4,-0.89,1.56,0.008
395,2018-11-06,0.58,-0.15,0.03,0.008
396,2018-11-07,2.11,-0.51,-1.05,0.008
397,2018-11-08,-0.28,-0.17,0.24,0.008
398,2018-11-09,-1.04,-0.84,0.42,0.008
399,2018-11-12,-2.06,0.1,0.84,0.008
400,2018-11-13,-0.13,-0.05,0.16,0.008
401,2018-11-14,-0.77,0.03,-0.29,0.008
402,2018-11-15,1.18,0.31,-0.4,0.008
403,2018-11-16,0.15,-0.02,-0.05,0.008
404,2018-11-19,-1.88,-0.39,2.31,0.008
405,2018-11-20,-1.85,0.02,-0.54,0.008
406,2018-11-21,0.51,0.95,-0.34,0.008
407,2018-11-23,-0.55,0.76,-0.61,0.008
408,2018-11-26,1.62,-0.69,-0.2,0.008
409,2018-11-27,0.11,-1.06,0.26,0.008
410,2018-11-28,2.42,0.31,-1.17,0.008
411,2018-11-29,-0.22,-0.21,-0.09,0.008
412,2018-11-30,0.78,-0.38,-0.43,0.008
413,2018-12-03,1.13,-0.1,-0.8,0.011
414,2018-12-04,-3.45,-1.03,-0.2,0.011
415,2018-12-06,-0.16,-0.05,-1.05,0.011
416,2018-12-07,-2.36,0.27,1.34,0.011
417,2018-12-10,0.1,-0.36,-1.62,0.011
418,2018-12-11,-0.08,-0.15,-0.41,0.011
419,2018-12-12,0.68,0.5,-0.18,0.011
420,2018-12-13,-0.26,-1.55,-0.19,0.011
421,2018-12-14,-1.89,0.09,0.49,0.011
422,2018-12-17,-2.14,-0.12,1.08,0.011
423,2018-12-18,-0.03,-0.04,-0.62,0.011
424,2018-12-19,-1.58,-0.6,0.03,0.011
425,2018-12-20,-1.62,-0.12,0.97,0.011
426,2018-12-21,-2.17,-0.53,0.77,0.011
427,2018-12-24,-2.55,0.92,-0.49,0.011
428,2018-12-26,5.06,-0.19,-1.01,0.011
429,2018-12-27,0.78,-0.71,-0.13,0.011
430,2018-12-28,-0.03,0.75,0.26,0.011
431,2018-12-31,0.9,-0.13,-0.46,0.011
432,2019-01-02,0.23,0.74,1.12,0.01
433,2019-01-03,-2.45,0.48,1.2,0.01
434,2019-01-04,3.55,0.36,-0.7,0.01
435,2019-01-07,0.94,0.87,-0.75,0.01
436,2019-01-08,1.01,0.44,-0.63,0.01
437,2019-01-09,0.56,0.5,0.1,0.01
438,2019-01-10,0.42,0.0,-0.46,0.01
439,2019-01-11,-0.01,0.2,0.21,0.01
440,2019-01-14,-0.6,-0.46,0.94,0.01
441,2019-01-15,1.06,-0.14,-0.89,0.01
442,2019-01-16,0.28,0.26,0.93,0.01
443,2019-01-17,0.75,0.09,-0.24,0.01
444,2019-01-18,1.29,-0.29,0.12,0.01
445,2019-01-22,-1.53,-0.35,0.32,0.01
446,2019-01-23,0.15,-0.41,-0.14,0.01
447,2019-01-24,0.23,0.48,0.0,0.01
448,2019-01-25,0.9,0.42,-0.35,0.01
449,2019-01-28,-0.8,-0.08,0.63,0.01
450,2019-01-29,-0.19,0.03,0.17,0.01
451,2019-01-30,1.51,-0.35,-0.94,0.01
452,2019-01-31,0.92,-0.06,-1.08,0.01
453,2019-02-01,0.14,-0.16,0.43,0.01
454,2019-02-04,0.72,0.41,-0.46,0.01
455,2019-02-05,0.43,-0.12,-0.6,0.01
456,2019-02-06,-0.22,-0.03,0.07,0.01
457,2019-02-07,-0.93,-0.14,0.39,0.01
458,2019-02-08,0.09,-0.08,-0.69,0.01
459,2019-02-11,0.14,0.67,0.23,0.01
460,2019-02-12,1.36,0.04,-0.17,0.01
461,2019-02-13,0.28,0.06,0.07,0.01
462,2019-02-14,-0.21,0.52,-0.58,0.01
463,2019-02-15,1.13,0.38,0.48,0.01
464,2019-02-19,0.19,0.31,0.29,0.01
465,2019-02-20,0.19,0.28,0.54,0.01
466,2019-02-21,-0.37,-0.04,-0.23,0.01
467,2019-02-22,0.65,0.39,-1.48,0.01
468,2019-02-25,0.15,-0.28,-0.18,0.01
469,2019-02-26,-0.16,-0.68,-0.33,0.01
470,2019-02-27,0.09,0.15,-0.12,0.01
471,2019-02-28,-0.31,-0.01,-0.24,0.01
472,2019-03-01,0.72,0.25,-0.4,0.009
473,2019-03-04,-0.52,-0.39,0.38,0.009
474,2019-03-05,-0.17,-0.32,-0.23,0.009
475,2019-03-06,-0.84,-1.23,0.04,0.009
476,2019-03-07,-0.82,-0.05,-0.33,0.009
477,2019-03-08,-0.22,0.06,-0.17,0.009
478,2019-03-11,1.49,0.27,-0.52,0.009
479,2019-03-12,0.25,-0.31,-0.08,0.009
480,2019-03-13,0.68,-0.32,0.07,0.009
481,2019-03-14,-0.1,-0.38,0.31,0.009
482,2019-03-15,0.48,-0.24,-0.25,0.009
483,2019-03-18,0.46,0.23,0.45,0.009
484,2019-03-19,-0.09,-0.47,-0.91,0.009
485,2019-03-20,-0.39,-0.23,-1.04,0.009
486,2019-03-21,1.11,0.17,-1.22,0.009
487,2019-03-22,-2.17,-1.57,-0.07,0.009
488,2019-03-25,-0.05,0.6,-0.26,0.009
489,2019-03-26,0.76,0.23,0.47,0.009
490,2019-03-27,-0.5,0.16,0.49,0.009
491,2019-03-28,0.4,0.35,0.02,0.009
492,2019-03-29,0.66,-0.28,-0.92,0.009
493,2019-04-01,1.19,-0.19,0.99,0.01
494,2019-04-02,-0.05,-0.18,-0.45,0.01
495,2019-04-03,0.27,0.23,-0.4,0.01
496,2019-04-04,0.19,0.35,0.93,0.01
497,2019-04-05,0.52,0.49,-0.07,0.01
498,2019-04-08,0.08,-0.31,0.1,0.01
499,2019-04-09,-0.65,-0.6,-0.14,0.01
500,2019-04-10,0.48,0.95,-0.1,0.01
501,2019-04-11,0.0,-0.27,0.41,0.01
502,2019-04-12,0.65,-0.36,0.65,0.01
503,2019-04-15,-0.09,-0.26,-0.54,0.01
504,2019-04-16,0.13,0.24,0.7,0.01
505,2019-04-17,-0.32,-0.53,0.84,0.01
506,2019-04-18,0.11,-0.28,-0.51,0.01
507,2019-04-22,0.11,-0.48,-0.55,0.01
508,2019-04-23,0.97,0.66,-0.49,0.01
509,2019-04-24,-0.23,0.31,-0.08,0.01
510,2019-04-25,-0.14,-0.79,-0.19,0.01
511,2019-04-26,0.53,0.48,0.06,0.01
512,2019-04-29,0.18,0.16,0.64,0.01
513,2019-04-30,-0.04,-0.68,0.28,0.01
514,2019-05-01,-0.83,-0.07,-0.03,0.009
515,2019-05-02,-0.16,0.46,-0.28,0.009
516,2019-05-03,1.13,0.93,-0.27,0.009
517,2019-05-06,-0.39,0.58,-0.41,0.009
518,2019-05-07,-1.69,-0.27,0.51,0.009
519,2019-05-08,-0.22,-0.21,-0.32,0.009
520,2019-05-09,-0.28,0.06,0.12,0.009
521,2019-05-10,0.35,-0.33,0.08,0.009
522,2019-05-13,-2.67,-0.68,0.29,0.009
523,2019-05-14,0.93,0.34,-0.02,0.009
524,2019-05-15,0.58,-0.1,-0.96,0.009
525,2019-05-16,0.91,-0.45,-0.32,0.009
526,2019-05-17,-0.73,-0.76,0.29,0.009
527,2019-05-20,-0.65,-0.11,0.72,0.009
528,2019-05-21,0.9,0.44,-0.34,0.009
529,2019-05-22,-0.4,-0.65,-0.6,0.009
530,2019-05-23,-1.37,-0.72,-0.28,0.009
531,2019-05-24,0.23,0.51,0.3,0.009
532,2019-05-28,-0.78,0.21,-0.63,0.009
533,2019-05-29,-0.71,-0.24,0.42,0.009
534,2019-05-30,0.14,-0.38,-0.77,0.009
535,2019-05-31,-1.37,-0.23,-0.09,0.009
536,2019-06-03,-0.4,0.58,1.66,0.009
537,2019-06-04,2.33,0.49,-0.02,0.009
538,2019-06-05,0.7,-1.06,-0.98,0.009
539,2019-06-06,0.55,-1.08,0.02,0.009
540,2019-06-07,1.04,-0.14,-1.21,0.009
541,2019-06-10,0.53,0.01,0.09,0.009
542,2019-06-11,-0.12,-0.21,0.55,0.009
543,2019-06-12,-0.2,0.29,-0.99,0.009
544,2019-06-13,0.52,0.68,-0.04,0.009
545,2019-06-14,-0.27,-0.74,0.31,0.009
546,2019-06-17,0.15,0.49,-1.12,0.009
547,2019-06-18,1.04,0.19,0.33,0.009
548,2019-06-19,0.32,0.02,-0.6,0.009
549,2019-06-20,0.89,-0.4,-0.22,0.009
550,2019-06-21,-0.21,-0.46,-0.03,0.009
551,2019-06-24,-0.34,-0.9,0.08,0.009
552,2019-06-25,-0.98,0.41,0.71,0.009
553,2019-06-26,-0.06,0.02,0.25,0.009
554,2019-06-27,0.59,1.43,-0.09,0.009
555,2019-06-28,0.68,0.77,0.61,0.009
556,2019-07-01,0.75,-0.59,-0.13,0.009
557,2019-07-02,0.14,-0.97,-0.81,0.009
558,2019-07-03,0.78,-0.13,-0.33,0.009
559,2019-07-05,-0.1,0.34,0.91,0.009
560,2019-07-08,-0.58,-0.43,0.04,0.009
561,2019-07-09,0.18,-0.24,-0.43,0.009
562,2019-07-10,0.4,-0.25,-0.36,0.009
563,2019-07-11,0.19,-0.77,0.05,0.009
564,2019-07-12,0.53,0.32,0.41,0.009
565,2019-07-15,-0.04,-0.47,-1.07,0.009
566,2019-07-16,-0.32,0.41,0.1,0.009
567,2019-07-17,-0.64,-0.26,-0.65,0.009
568,2019-07-18,0.35,-0.27,0.01,0.009
569,2019-07-19,-0.56,0.3,0.87,0.009
570,2019-07-22,0.25,-0.55,-0.48,0.009
571,2019-07-23,0.65,-0.07,0.8,0.009
572,2019-07-24,0.66,0.93,0.86,0.009
573,2019-07-25,-0.63,-0.68,-0.12,0.009
574,2019-07-26,0.82,0.33,-0.19,0.009
575,2019-07-29,-0.32,-0.35,-0.47,0.009
576,2019-07-30,-0.17,1.42,0.89,0.009
577,2019-07-31,-1.09,0.26,0.61,0.009
578,2019-08-01,-1.04,-0.76,-1.91,0.007
579,2019-08-02,-0.87,-0.26,0.06,0.007
580,2019-08-05,-3.07,0.05,0.0,0.007
581,2019-08-06,1.29,-0.54,-0.6,0.007
582,2019-08-07,0.07,-0.11,-0.88,0.007
583,2019-08-08,1.97,-0.04,-0.22,0.007
584,2019-08-09,-0.78,-0.5,-0.22,0.007
585,2019-08-12,-1.32,0.22,-0.28,0.007
586,2019-08-13,1.47,-0.34,-0.54,0.007
587,2019-08-14,-2.95,0.02,-0.52,0.007
588,2019-08-15,0.16,-0.69,-0.53,0.007
589,2019-08-16,1.55,0.64,0.61,0.007
590,2019-08-19,1.14,0.03,0.22,0.007
591,2019-08-20,-0.75,0.18,-0.5,0.007
592,2019-08-21,0.85,-0.03,-0.3,0.007
593,2019-08-22,-0.1,-0.34,0.49,0.007
594,2019-08-23,-2.66,-0.61,-0.19,0.007
595,2019-08-26,1.08,-0.03,-0.17,0.007
596,2019-08-27,-0.46,-1.0,-0.68,0.007
597,2019-08-28,0.68,0.62,0.62,0.007
598,2019-08-29,1.35,0.4,0.34,0.007
599,2019-08-30,0.03,-0.25,0.23,0.007
600,2019-09-03,-0.87,-0.93,0.1,0.009
601,2019-09-04,1.08,-0.15,0.43,0.009
602,2019-09-05,1.42,0.55,0.71,0.009
603,2019-09-06,-0.02,-0.36,0.04,0.009
604,2019-09-09,0.07,1.35,3.07,0.009
605,2019-09-10,0.17,1.41,1.13,0.009
606,2019-09-11,0.88,1.37,-0.04,0.009
607,2019-09-12,0.22,-0.39,-0.13,0.009
608,2019-09-13,-0.01,0.18,0.74,0.009
609,2019-09-16,-0.23,0.88,0.53,0.009
610,2019-09-17,0.17,-0.79,-1.2,0.009
611,2019-09-18,-0.05,-0.78,0.05,0.009
612,2019-09-19,-0.05,-0.49,-0.46,0.009
613,2019-09-20,-0.48,0.29,0.15,0.009
614,2019-09-23,-0.02,-0.11,0.51,0.009
615,2019-09-24,-1.01,-0.75,0.0,0.009
616,2019-09-25,0.69,0.42,0.53,0.009
617,2019-09-26,-0.41,-0.98,0.11,0.009
618,2019-09-27,-0.62,-0.17,0.89,0.009
619,2019-09-30,0.5,-0.26,-0.48,0.009
620,2019-10-01,-1.31,-0.66,-0.59,0.007
621,2019-10-02,-1.73,0.77,-0.36,0.007
622,2019-10-03,0.8,-0.38,-0.89,0.007
623,2019-10-04,1.39,-0.5,-0.07,0.007
624,2019-10-07,-0.41,0.13,-0.02,0.007
625,2019-10-08,-1.61,-0.15,-0.13,0.007
626,2019-10-09,0.92,-0.57,-0.09,0.007
627,2019-10-10,0.59,-0.26,0.26,0.007
628,2019-10-11,1.23,0.6,0.2,0.007
629,2019-10-14,-0.18,-0.35,-0.04,0.007
630,2019-10-15,1.03,0.25,-0.25,0.007
631,2019-10-16,-0.24,0.47,0.23,0.007
632,2019-10-17,0.37,0.79,-0.29,0.007
633,2019-10-18,-0.49,-0.14,0.86,0.007
634,2019-10-21,0.71,0.3,0.36,0.007
635,2019-10-22,-0.34,0.49,0.86,0.007
636,2019-10-23,0.25,-0.1,0.26,0.007
637,2019-10-24,0.25,-0.5,-0.89,0.007
638,2019-10-25,0.51,0.39,0.08,0.007
639,2019-10-28,0.62,0.28,-0.24,0.007
640,2019-10-29,-0.13,0.4,0.5,0.007
641,2019-10-30,0.27,-0.64,-1.16,0.007
642,2019-10-31,-0.38,-0.34,-0.43,0.007
643,2019-11-01,1.08,0.65,0.84,0.006
644,2019-11-04,0.4,0.32,1.36,0.006
645,2019-11-05,-0.03,0.39,0.45,0.006
646,2019-11-06,-0.05,-0.8,0.24,0.006
647,2019-11-07,0.38,-0.01,0.52,0.006
648,2019-11-08,0.31,0.0,-0.36,0.006
649,2019-11-11,-0.19,-0.07,-0.19,0.006
650,2019-11-12,0.16,-0.18,-0.15,0.006
651,2019-11-13,0.01,-0.41,-0.82,0.006
652,2019-11-14,0.07,-0.15,-0.25,0.006
653,2019-11-15,0.74,-0.29,-0.33,0.006
654,2019-11-18,0.02,-0.36,-0.52,0.006
655,2019-11-19,0.02,0.35,-0.95,0.006
656,2019-11-20,-0.33,-0.14,-0.46,0.006
657,2019-11-21,-0.14,-0.31,0.1,0.006
658,2019-11-22,0.24,0.16,0.22,0.006
659,2019-11-25,0.92,1.27,-0.37,0.006
660,2019-11-26,0.19,-0.09,-0.9,0.006
661,2019-11-27,0.44,0.22,-0.03,0.006
662,2019-11-29,-0.42,-0.11,-0.31,0.006
663,2019-12-02,-0.87,-0.13,0.48,0.007
664,2019-12-03,-0.66,0.42,-0.83,0.007
665,2019-12-04,0.6,0.21,0.25,0.007
666,2019-12-05,0.13,-0.14,0.47,0.007
667,2019-12-06,0.91,0.38,0.37,0.007
668,2019-12-09,-0.33,0.31,0.11,0.007
669,2019-12-10,-0.08,0.27,-0.08,0.007
670,2019-12-11,0.28,-0.09,0.14,0.007
671,2019-12-12,0.9,0.12,1.15,0.007
672,2019-12-13,-0.03,-0.45,-0.55,0.007
673,2019-12-16,0.74,-0.03,-0.05,0.007
674,2019-12-17,0.1,0.48,0.67,0.007
675,2019-12-18,-0.05,0.3,0.09,0.007
676,2019-12-19,0.43,-0.14,-0.42,0.007
677,2019-12-20,0.48,-0.27,-0.31,0.007
678,2019-12-23,0.1,0.16,-0.35,0.007
679,2019-12-24,0.01,0.37,0.0,0.007
680,2019-12-26,0.48,-0.56,0.0,0.007
681,2019-12-27,-0.1,-0.55,-0.07,0.007
682,2019-12-30,-0.57,0.28,0.55,0.007
683,2019-12-31,0.28,0.01,0.12,0.007
684,2020-01-02,0.86,-0.97,-0.33,0.006
685,2020-01-03,-0.67,0.3,0.0,0.006
686,2020-01-06,0.36,-0.21,-0.55,0.006
687,2020-01-07,-0.19,-0.03,-0.25,0.006
688,2020-01-08,0.47,-0.16,-0.66,0.006
689,2020-01-09,0.65,-0.71,-0.48,0.006
690,2020-01-10,-0.34,-0.27,-0.33,0.006
691,2020-01-13,0.73,-0.1,-0.08,0.006
692,2020-01-14,-0.06,0.47,-0.18,0.006
693,2020-01-15,0.16,0.27,-0.81,0.006
694,2020-01-16,0.88,0.52,-0.12,0.006
695,2020-01-17,0.28,-0.63,-0.13,0.006
696,2020-01-21,-0.32,-0.67,-0.62,0.006
697,2020-01-22,0.08,-0.24,0.01,0.006
698,2020-01-23,0.07,-0.07,-0.14,0.006
699,2020-01-24,-0.97,-0.5,-0.29,0.006
700,2020-01-27,-1.56,0.26,-0.41,0.006
701,2020-01-28,1.02,-0.13,-0.42,0.006
702,2020-01-29,-0.11,-0.43,-0.98,0.006
703,2020-01-30,0.34,-0.65,0.69,0.006
704,2020-01-31,-1.74,-0.5,-0.35,0.006
705,2020-02-03,0.84,0.36,-0.67,0.006
706,2020-02-04,1.57,-0.15,-0.66,0.006
707,2020-02-05,0.97,0.75,1.47,0.006
708,2020-02-06,0.27,-0.58,-0.84,0.006
709,2020-02-07,-0.55,-0.83,-0.04,0.006
710,2020-02-10,0.73,-0.17,-0.89,0.006
711,2020-02-11,0.28,0.34,1.05,0.006
712,2020-02-12,0.66,0.15,-0.34,0.006
713,2020-02-13,-0.09,0.15,0.01,0.006
714,2020-02-14,0.15,-0.57,-0.66,0.006
715,2020-02-18,-0.19,0.0,-0.65,0.006
716,2020-02-19,0.6,0.19,0.04,0.006
717,2020-02-20,-0.35,0.63,0.68,0.006
718,2020-02-21,-1.12,-0.05,-0.01,0.006
719,2020-02-24,-3.39,0.15,0.01,0.006
720,2020-02-25,-3.09,-0.36,-0.68,0.006
721,2020-02-26,-0.53,-0.75,-1.2,0.006
722,2020-02-27,-4.22,0.72,0.05,0.006
723,2020-02-28,-0.78,0.1,-0.8,0.006
724,2020-03-02,4.31,-1.91,-0.43,0.006
725,2020-03-03,-2.79,0.68,-0.63,0.006
726,2020-03-04,4.03,-1.22,-1.17,0.006
727,2020-03-05,-3.38,-0.15,-1.4,0.006
728,2020-03-06,-1.78,-0.21,-1.49,0.006
729,2020-03-09,-7.79,-1.33,-4.76,0.006
730,2020-03-10,4.74,-2.38,0.8,0.006
731,2020-03-11,-5.05,-1.04,-0.8,0.006
732,2020-03-12,-9.63,-1.06,-1.17,0.006
733,2020-03-13,8.96,-2.03,3.03,0.006
734,2020-03-16,-12.0,-0.82,-0.73,0.006
735,2020-03-17,5.87,0.45,-0.6,0.006
736,2020-03-18,-5.56,-4.55,-4.69,0.006
737,2020-03-19,1.31,5.72,0.82,0.006
738,2020-03-20,-4.15,0.23,-0.89,0.006
739,2020-03-23,-2.55,1.73,-3.29,0.006
740,2020-03-24,9.34,-0.29,2.37,0.006
741,2020-03-25,1.18,-0.21,1.91,0.006
742,2020-03-26,6.02,-0.51,1.09,0.006
743,2020-03-27,-3.48,-1.1,-0.78,0.006
744,2020-03-30,3.16,-0.76,-2.09,0.006
745,2020-03-31,-1.44,1.53,-0.37,0.006
746,2020-04-01,-4.5,-1.99,-1.39,0.0
747,2020-04-02,2.1,-0.97,-0.28,0.0
748,2020-04-03,-1.64,-1.38,-1.18,0.0
749,2020-04-06,7.06,1.17,0.31,0.0
750,2020-04-07,-0.11,0.11,2.08,0.0
751,2020-04-08,3.4,0.84,1.29,0.0
752,2020-04-09,1.59,2.43,3.16,0.0
753,2020-04-13,-0.92,-1.45,-2.41,0.0
754,2020-04-14,3.02,-0.72,-3.16,0.0
755,2020-04-15,-2.15,-1.95,-2.55,0.0
756,2020-04-16,0.62,-0.8,-2.97,0.0
757,2020-04-17,2.72,1.51,2.77,0.0
758,2020-04-20,-1.56,0.39,-0.91,0.0
759,2020-04-21,-3.08,0.93,0.16,0.0
760,2020-04-22,2.31,-0.88,-1.64,0.0
761,2020-04-23,0.13,1.26,0.54,0.0
762,2020-04-24,1.44,0.23,-0.13,0.0
763,2020-04-27,1.73,2.15,2.71,0.0
764,2020-04-28,-0.45,1.72,2.85,0.0
765,2020-04-29,2.92,2.31,2.0,0.0
766,2020-04-30,-1.18,-2.05,-1.69,0.0
767,2020-05-01,-2.91,-0.89,-0.96,0.0
768,2020-05-04,0.54,-0.12,-1.27,0.0
769,2020-05-05,0.95,-0.29,-2.02,0.0
770,2020-05-06,-0.52,0.11,-2.7,0.0
771,2020-05-07,1.33,0.15,0.41,0.0
772,2020-05-08,1.9,1.89,2.46,0.0
773,2020-05-11,0.07,-0.21,-3.78,0.0
774,2020-05-12,-2.06,-1.11,-1.36,0.0
775,2020-05-13,-1.89,-1.42,-2.09,0.0
776,2020-05-14,1.14,-1.08,0.94,0.0
777,2020-05-15,0.57,1.34,-1.15,0.0
778,2020-05-18,3.24,2.65,4.61,0.0
779,2020-05-19,-1.01,-0.75,-1.49,0.0
780,2020-05-20,1.8,1.22,1.32,0.0
781,2020-05-21,-0.7,0.74,0.4,0.0
782,2020-05-22,0.27,0.26,-0.85,0.0
783,2020-05-26,1.23,1.23,4.56,0.0
784,2020-05-27,1.54,1.42,3.62,0.0
785,2020-05-28,-0.41,-2.07,-2.43,0.0
786,2020-05-29,0.6,-0.79,-1.97,0.0
787,2020-06-01,0.52,0.26,0.42,0.0
788,2020-06-02,0.81,0.06,0.54,0.0
789,2020-06-03,1.41,0.75,2.62,0.0
790,2020-06-04,-0.34,0.5,2.89,0.0
791,2020-06-05,2.5,1.07,2.76,0.0
792,2020-06-08,1.39,0.67,2.08,0.0
793,2020-06-09,-0.85,-0.78,-1.92,0.0
794,2020-06-10,-0.56,-1.8,-4.1,0.0
795,2020-06-11,-5.91,-1.46,-3.05,0.0
796,2020-06-12,1.29,0.78,1.83,0.0
797,2020-06-15,1.1,1.45,-0.4,0.0
798,2020-06-16,1.87,0.6,0.51,0.0
799,2020-06-17,-0.4,-1.32,-1.98,0.0
800,2020-06-18,0.19,0.02,-0.53,0.0
801,2020-06-19,-0.45,-0.13,-0.65,0.0
802,2020-06-22,0.71,0.49,-1.38,0.0
803,2020-06-23,0.42,0.23,-0.61,0.0
804,2020-06-24,-2.61,-0.7,-1.35,0.0
805,2020-06-25,1.12,0.34,0.5,0.0
806,2020-06-26,-2.44,-0.2,-1.41,0.0
807,2020-06-29,1.51,1.48,1.84,0.0
808,2020-06-30,1.58,0.0,0.02,0.0
809,2020-07-01,0.41,-1.71,-2.56,0.001
810,2020-07-02,0.5,0.01,-0.13,0.001
811,2020-07-06,1.65,-0.68,0.33,0.001
812,2020-07-07,-1.03,-0.98,-1.48,0.001
813,2020-07-08,0.91,0.07,-0.46,0.001
814,2020-07-09,-0.53,-1.57,-2.61,0.001
815,2020-07-10,1.11,0.68,3.05,0.001
816,2020-07-13,-1.2,-0.29,2.04,0.001
817,2020-07-14,1.35,0.39,-0.28,0.001
818,2020-07-15,1.14,2.7,1.26,0.001
819,2020-07-16,-0.37,-0.15,0.81,0.001
820,2020-07-17,0.3,-0.16,-1.43,0.001
821,2020-07-20,1.01,-1.12,-2.36,0.001
822,2020-07-21,0.16,1.49,3.23,0.001
823,2020-07-22,0.49,-0.63,-0.38,0.001
824,2020-07-23,-1.2,1.23,1.96,0.001
825,2020-07-24,-0.75,-0.81,0.45,0.001
826,2020-07-27,0.88,0.3,-2.0,0.001
827,2020-07-28,-0.81,-0.45,1.01,0.001
828,2020-07-29,1.35,0.6,0.84,0.001
829,2020-07-30,-0.29,0.01,-1.83,0.001
830,2020-07-31,0.61,-1.84,-0.66,0.001
831,2020-08-03,0.98,1.09,-0.84,0.0
832,2020-08-04,0.37,0.44,0.02,0.0
833,2020-08-05,0.78,1.25,0.82,0.0
834,2020-08-06,0.53,-0.65,-0.75,0.0
835,2020-08-07,0.02,1.59,2.41,0.0
836,2020-08-10,0.24,1.32,1.75,0.0
837,2020-08-11,-0.83,0.18,1.63,0.0
838,2020-08-12,1.4,-0.82,-1.37,0.0
839,2020-08-13,-0.01,-0.14,-1.33,0.0
840,2020-08-14,-0.04,0.04,1.09,0.0
841,2020-08-17,0.45,0.04,-1.92,0.0
842,2020-08-18,0.22,-1.33,-1.39,0.0
843,2020-08-19,-0.38,0.48,0.11,0.0
844,2020-08-20,0.31,-0.96,-1.55,0.0
845,2020-08-21,0.25,-1.25,-0.42,0.0
846,2020-08-24,0.92,0.2,2.6,0.0
847,2020-08-25,0.36,-0.01,-0.64,0.0
848,2020-08-26,1.0,-1.72,-1.76,0.0
849,2020-08-27,0.18,-0.01,0.94,0.0
850,2020-08-28,0.7,0.39,-0.23,0.0
851,2020-08-31,-0.04,-0.93,-1.75,0.0
852,2020-09-01,0.92,0.19,-0.31,0.0
853,2020-09-02,1.27,-0.26,-0.44,0.0
854,2020-09-03,-3.7,0.43,2.61,0.0
855,2020-09-04,-0.87,0.34,2.06,0.0
856,2020-09-08,-2.91,0.91,-0.29,0.0
857,2020-09-09,2.07,-0.61,-1.99,0.0
858,2020-09-10,-1.64,0.37,-0.05,0.0
859,2020-09-11,-0.06,-0.62,0.9,0.0
860,2020-09-14,1.59,1.0,-0.77,0.0
861,2020-09-15,0.57,-0.64,-1.42,0.0
862,2020-09-16,-0.39,1.23,1.32,0.0
863,2020-09-17,-0.85,0.46,0.2,0.0
864,2020-09-18,-0.88,0.79,-0.21,0.0
865,2020-09-21,-1.08,-2.68,-1.9,0.0
866,2020-09-22,1.02,-0.46,-1.65,0.0
867,2020-09-23,-2.48,-0.66,0.18,0.0
868,2020-09-24,0.25,-0.19,0.38,0.0
869,2020-09-25,1.72,-0.16,-1.36,0.0
870,2020-09-28,1.66,0.88,1.03,0.0
871,2020-09-29,-0.42,0.38,-1.32,0.0
872,2020-09-30,0.79,-0.68,0.15,0.0
873,2020-10-01,0.79,0.79,-0.55,0.0
874,2020-10-02,-0.96,1.67,2.46,0.0
875,2020-10-05,1.93,0.89,-0.12,0.0
876,2020-10-06,-1.28,0.84,0.26,0.0
877,2020-10-07,1.84,0.49,0.23,0.0
878,2020-10-08,0.8,0.29,0.99,0.0
879,2020-10-09,0.92,-0.32,-1.4,0.0
880,2020-10-12,1.53,-1.03,-0.06,0.0
881,2020-10-13,-0.41,-0.19,-1.72,0.0
882,2020-10-14,-0.65,0.0,0.03,0.0
883,2020-10-15,-0.08,1.18,1.14,0.0
884,2020-10-16,-0.06,-0.12,0.08,0.0
885,2020-10-19,-1.53,0.37,0.29,0.0
886,2020-10-20,0.34,-0.08,1.24,0.0
887,2020-10-21,-0.36,-0.48,0.4,0.0
888,2020-10-22,0.67,0.93,1.03,0.0
889,2020-10-23,0.38,0.36,0.03,0.0
890,2020-10-26,-1.85,-0.5,-0.37,0.0
891,2020-10-27,-0.23,-0.66,-2.29,0.0
892,2020-10-28,-3.41,0.17,0.59,0.0
893,2020-10-29,1.13,0.15,0.25,0.0
894,2020-10-30,-1.45,-0.23,1.85,0.0
895,2020-11-02,1.17,0.87,0.99,0.0
896,2020-11-03,1.93,1.01,-0.18,0.0
897,2020-11-04,2.25,-2.59,-4.97,0.0
898,2020-11-05,2.13,1.03,0.51,0.0
899,2020-11-06,0.01,-1.13,-0.91,0.0
900,2020-11-09,0.87,2.82,6.73,0.0
901,2020-11-10,-0.17,2.07,2.22,0.0
902,2020-11-11,0.88,-1.12,-1.69,0.0
903,2020-11-12,-0.94,-0.6,-1.14,0.0
904,2020-11-13,1.31,0.97,1.08,0.0
905,2020-11-16,1.22,1.26,1.96,0.0
906,2020-11-17,-0.19,0.58,0.01,0.0
907,2020-11-18,-0.93,-0.03,-0.04,0.0
908,2020-11-19,0.59,0.27,-0.8,0.0
909,2020-11-20,-0.51,0.6,-0.59,0.0
910,2020-11-23,0.83,1.4,1.53,0.0
911,2020-11-24,1.56,0.54,2.76,0.0
912,2020-11-25,0.03,-0.27,-1.34,0.0
913,2020-11-27,0.43,0.15,-1.62,0.0
914,2020-11-30,-0.53,-1.54,-2.05,0.0
915,2020-12-01,0.98,-0.1,0.55,0.0
916,2020-12-02,0.11,0.21,1.07,0.0
917,2020-12-03,0.18,0.54,-0.06,0.0
918,2020-12-04,1.02,1.56,0.88,0.0
919,2020-12-07,0.03,-0.06,-1.03,0.0
920,2020-12-08,0.47,0.87,-0.67,0.0
921,2020-12-09,-1.03,0.31,1.28,0.0
922,2020-12-10,0.24,0.92,-0.46,0.0
923,2020-12-11,-0.2,-0.59,-0.7,0.0
924,2020-12-14,-0.28,0.21,-1.51,0.0
925,2020-12-15,1.28,1.15,0.34,0.0
926,2020-12-16,0.17,-0.59,-0.36,0.0
927,2020-12-17,0.79,0.52,-0.73,0.0
928,2020-12-18,-0.12,-0.2,-1.15,0.0
929,2020-12-21,-0.23,0.2,-0.01,0.0
930,2020-12-22,0.06,0.83,-1.59,0.0
931,2020-12-23,0.1,0.9,1.98,0.0
932,2020-12-24,0.21,-0.43,-0.2,0.0
933,2020-12-28,0.46,-0.68,0.37,0.0
934,2020-12-29,-0.4,-1.42,0.24,0.0
935,2020-12-30,0.27,1.06,0.04,0.0
936,2020-12-31,0.39,-0.71,0.4,0.0
937,2021-01-04,-1.41,0.24,0.48,0.0
938,2021-01-05,0.86,1.33,0.48,0.0
939,2021-01-06,0.79,3.18,3.91,0.0
940,2021-01-07,1.76,0.0,-0.79,0.0
941,2021-01-08,0.51,-1.05,-1.32,0.0
942,2021-01-11,-0.52,0.56,1.24,0.0
943,2021-01-12,0.38,1.48,1.21,0.0
944,2021-01-13,0.07,-1.02,-0.46,0.0
945,2021-01-14,-0.11,2.4,1.08,0.0
946,2021-01-15,-0.86,-0.75,-0.75,0.0
947,2021-01-19,0.92,0.74,-0.79,0.0
948,2021-01-20,1.26,-0.75,-1.07,0.0
949,2021-01-21,-0.04,-0.75,-0.96,0.0
950,2021-01-22,-0.07,1.62,-0.09,0.0
951,2021-01-25,0.29,-0.3,-0.39,0.0
952,2021-01-26,-0.32,0.03,-0.05,0.0
953,2021-01-27,-2.53,1.21,1.55,0.0
954,2021-01-28,0.92,-1.69,-0.91,0.0
955,2021-01-29,-1.84,0.43,0.58,0.0
956,2021-02-01,1.73,0.75,-1.47,0.0
957,2021-02-02,1.48,-0.8,-1.07,0.0
958,2021-02-03,0.16,0.72,0.66,0.0
959,2021-02-04,1.23,0.6,0.36,0.0
960,2021-02-05,0.57,0.96,-0.48,0.0
961,2021-02-08,0.96,2.22,0.41,0.0
962,2021-02-09,0.05,0.72,-0.21,0.0
963,2021-02-10,-0.08,-0.45,0.62,0.0
964,2021-02-11,0.19,-0.32,-0.46,0.0
965,2021-02-12,0.49,-0.11,0.47,0.0
966,2021-02-16,-0.14,-0.21,1.87,0.0
967,2021-02-17,-0.21,-0.68,0.61,0.0
968,2021-02-18,-0.64,-1.49,-0.18,0.0
969,2021-02-19,0.16,2.04,0.72,0.0
970,2021-02-22,-1.13,0.71,3.17,0.0
971,2021-02-23,-0.15,-1.03,0.89,0.0
972,2021-02-24,1.15,1.49,1.42,0.0
973,2021-02-25,-2.74,-0.92,0.91,0.0
974,2021-02-26,-0.28,0.3,-1.55,0.0
975,2021-03-01,2.63,1.17,0.15,0.0
976,2021-03-02,-1.05,-0.77,1.23,0.0
977,2021-03-03,-1.57,0.64,3.56,0.0
978,2021-03-04,-1.7,-1.1,1.72,0.0
979,2021-03-05,1.85,0.36,0.63,0.0
980,2021-03-08,-0.67,1.49,3.68,0.0
981,2021-03-09,1.79,0.45,-3.24,0.0
982,2021-03-10,0.68,1.2,1.82,0.0
983,2021-03-11,1.43,1.06,-1.98,0.0
984,2021-03-12,0.1,0.53,1.29,0.0
985,2021-03-15,0.7,-0.3,-1.32,0.0
986,2021-03-16,-0.43,-1.37,-0.81,0.0
987,2021-03-17,0.33,0.63,0.32,0.0
988,2021-03-18,-1.88,-1.21,2.15,0.0
989,2021-03-19,0.25,0.93,-0.97,0.0
990,2021-03-22,0.55,-1.71,-2.24,0.0
991,2021-03-23,-1.17,-2.95,-1.05,0.0
992,2021-03-24,-1.0,-1.57,1.46,0.0
993,2021-03-25,0.67,2.01,1.4,0.0
994,2021-03-26,1.55,0.2,0.68,0.0
995,2021-03-29,-0.49,-2.48,-0.21,0.0
996,2021-03-30,-0.02,1.83,1.0,0.0
997,2021-03-31,0.63,0.58,-2.31,0.0
998,2021-04-01,1.27,0.21,-0.02,0.0
999,2021-04-05,1.27,-0.69,-0.72,0.0
1000,2021-04-06,0.01,-0.33,0.1,0.0
1001,2021-04-07,-0.12,-1.54,0.3,0.0
1002,2021-04-08,0.62,0.27,-1.16,0.0
1003,2021-04-09,0.65,-0.62,0.13,0.0
1004,2021-04-12,-0.05,-0.46,0.58,0.0
1005,2021-04-13,0.41,-0.78,-1.58,0.0
1006,2021-04-14,-0.35,1.17,1.42,0.0
1007,2021-04-15,1.04,-0.78,-1.18,0.0
1008,2021-04-16,0.27,-0.19,0.64,0.0
1009,2021-04-19,-0.73,-0.66,0.78,0.0
1010,2021-04-20,-0.94,-1.37,-1.57,0.0
1011,2021-04-21,1.11,1.52,0.11,0.0
1012,2021-04-22,-0.77,0.63,-0.78,0.0
1013,2021-04-23,1.26,0.76,0.7,0.0
1014,2021-04-26,0.43,0.79,-0.48,0.0
1015,2021-04-27,-0.03,0.08,0.86,0.0
1016,2021-04-28,-0.06,0.29,0.2,0.0
1017,2021-04-29,0.39,-0.76,1.07,0.0
1018,2021-04-30,-0.83,-0.51,-0.32,0.0
1019,2021-05-03,0.17,0.75,1.7,0.0
1020,2021-05-04,-0.89,-0.25,1.99,0.0
1021,2021-05-05,-0.05,-0.16,1.33,0.0
1022,2021-05-06,0.48,-0.53,1.21,0.0
1023,2021-05-07,0.84,0.46,-0.1,0.0
1024,2021-05-10,-1.36,-1.29,1.69,0.0
1025,2021-05-11,-0.63,0.68,-0.86,0.0
1026,2021-05-12,-2.34,-1.14,0.7,0.0
1027,2021-05-13,1.02,0.46,1.14,0.0
1028,2021-05-14,1.81,0.97,-0.14,0.0
1029,2021-05-17,-0.24,0.73,0.82,0.0
1030,2021-05-18,-0.69,0.04,-0.92,0.0
1031,2021-05-19,-0.34,-0.52,-0.45,0.0
1032,2021-05-20,1.15,-0.5,-1.4,0.0
1033,2021-05-21,-0.04,0.45,0.98,0.0
1034,2021-05-24,0.99,-0.48,-0.67,0.0
1035,2021-05-25,-0.3,-0.87,-1.2,0.0
1036,2021-05-26,0.47,1.79,0.55,0.0
1037,2021-05-27,0.28,1.08,0.95,0.0
1038,2021-05-28,0.04,-0.36,-0.32,0.0
1039,2021-06-01,0.03,1.42,1.43,0.0
1040,2021-06-02,0.12,-0.21,0.34,0.0
1041,2021-06-03,-0.53,-0.25,0.73,0.0
1042,2021-06-04,0.89,-0.6,-0.9,0.0
1043,2021-06-07,0.15,1.25,-0.91,0.0
1044,2021-06-08,0.19,1.08,-0.31,0.0
1045,2021-06-09,-0.3,-0.45,-0.84,0.0
1046,2021-06-10,0.4,-1.34,-2.03,0.0
1047,2021-06-11,0.37,0.71,0.18,0.0
1048,2021-06-14,0.15,-0.75,-1.62,0.0
1049,2021-06-15,-0.3,0.23,1.3,0.0
1050,2021-06-16,-0.45,0.43,0.19,0.0
1051,2021-06-17,0.01,-1.35,-3.57,0.0
1052,2021-06-18,-1.22,-0.8,-1.45,0.0
1053,2021-06-21,1.35,0.83,1.04,0.0
1054,2021-06-22,0.58,-0.09,-0.46,0.0
1055,2021-06-23,0.01,0.5,-0.28,0.0
1056,2021-06-24,0.69,0.74,0.25,0.0
1057,2021-06-25,0.32,-0.51,0.44,0.0
1058,2021-06-28,0.22,-0.84,-1.59,0.0
1059,2021-06-29,0.0,-0.41,-0.28,0.0
1060,2021-06-30,0.07,0.12,0.77,0.0
1061,2021-07-01,0.43,0.4,0.41,0.0
1062,2021-07-02,0.56,-1.52,-0.72,0.0
1063,2021-07-06,-0.28,-1.04,-2.0,0.0
1064,2021-07-07,0.09,-0.86,0.08,0.0
1065,2021-07-08,-0.86,-0.01,-0.77,0.0
1066,2021-07-09,1.25,0.84,1.57,0.0
1067,2021-07-12,0.23,-0.02,0.58,0.0
1068,2021-07-13,-0.56,-1.22,-0.42,0.0
1069,2021-07-14,-0.26,-1.17,0.34,0.0
1070,2021-07-15,-0.38,-0.26,0.79,0.0
1071,2021-07-16,-0.77,-0.38,-1.28,0.0
1072,2021-07-19,-1.42,0.04,-1.75,0.0
1073,2021-07-20,1.69,0.84,0.16,0.0
1074,2021-07-21,0.95,0.71,0.81,0.0
1075,2021-07-22,0.09,-1.55,-1.01,0.0
1076,2021-07-23,0.98,-0.32,-0.48,0.0
1077,2021-07-26,0.18,0.09,1.34,0.0
1078,2021-07-27,-0.66,-0.45,0.58,0.0
1079,2021-07-28,0.27,1.21,-0.66,0.0
1080,2021-07-29,0.41,0.22,0.94,0.0
1081,2021-07-30,-0.65,-0.08,-0.17,0.0
1082,2021-08-02,-0.12,-0.12,-0.41,0.0
1083,2021-08-03,0.73,-0.4,0.92,0.0
1084,2021-08-04,-0.39,-0.95,-1.58,0.0
1085,2021-08-05,0.74,1.06,-0.09,0.0
1086,2021-08-06,0.09,0.46,1.9,0.0
1087,2021-08-09,0.01,-0.45,-0.27,0.0
1088,2021-08-10,0.06,0.36,1.85,0.0
1089,2021-08-11,0.19,0.29,1.41,0.0
1090,2021-08-12,0.24,-0.69,-0.39,0.0
1091,2021-08-13,0.0,-0.95,-0.24,0.0
1092,2021-08-16,-0.05,-0.86,0.04,0.0
1093,2021-08-17,-0.8,-0.49,-0.12,0.0
1094,2021-08-18,-0.95,0.11,-0.17,0.0
1095,2021-08-19,-0.15,-0.95,-0.83,0.0
1096,2021-08-20,0.92,0.85,-0.47,0.0
1097,2021-08-23,1.08,0.76,-0.84,0.0
1098,2021-08-24,0.41,0.41,0.36,0.0
1099,2021-08-25,0.26,0.05,0.37,0.0
1100,2021-08-26,-0.65,-0.43,-0.33,0.0
1101,2021-08-27,1.07,1.64,0.31,0.0
1102,2021-08-30,0.35,-0.69,-1.36,0.0
1103,2021-08-31,-0.13,0.46,-0.05,0.0
1104,2021-09-01,0.11,0.39,-0.93,0.0
1105,2021-09-02,0.36,0.21,-0.04,0.0
1106,2021-09-03,-0.01,-0.55,-0.27,0.0
1107,2021-09-07,-0.36,-0.37,-0.08,0.0
1108,2021-09-08,-0.34,-0.74,0.08,0.0
1109,2021-09-09,-0.27,0.25,0.09,0.0
1110,2021-09-10,-0.76,-0.03,0.03,0.0
1111,2021-09-13,0.14,0.22,1.33,0.0
1112,2021-09-14,-0.66,-0.67,-0.97,0.0
1113,2021-09-15,0.88,0.12,0.65,0.0
1114,2021-09-16,-0.03,-0.08,-0.56,0.0
1115,2021-09-17,-0.72,0.97,-0.05,0.0
1116,2021-09-20,-1.87,-0.57,0.21,0.0
1117,2021-09-21,0.05,0.25,-0.67,0.0
1118,2021-09-22,1.0,0.14,0.54,0.0
1119,2021-09-23,1.28,0.46,0.93,0.0
1120,2021-09-24,0.08,-0.39,0.7,0.0
1121,2021-09-27,-0.1,1.7,2.44,0.0
1122,2021-09-28,-2.18,-0.01,1.75,0.0
1123,2021-09-29,0.03,-0.2,0.81,0.0
1124,2021-09-30,-1.02,0.07,-0.77,0.0
1125,2021-10-01,1.1,0.47,0.5,0.0
1126,2021-10-04,-1.43,0.4,2.33,0.0
1127,2021-10-05,1.05,-0.57,-0.05,0.0
1128,2021-10-06,0.33,-0.99,-0.5,0.0
1129,2021-10-07,1.01,0.45,-0.16,0.0
1130,2021-10-08,-0.27,-0.45,1.12,0.0
1131,2021-10-11,-0.72,0.21,-0.27,0.0
1132,2021-10-12,-0.06,0.55,-0.43,0.0
1133,2021-10-13,0.43,-0.09,-1.05,0.0
1134,2021-10-14,1.66,-0.37,-0.27,0.0
1135,2021-10-15,0.63,-1.13,0.3,0.0
1136,2021-10-18,0.41,-0.42,0.0,0.0
1137,2021-10-19,0.71,-0.46,-0.25,0.0
1138,2021-10-20,0.34,0.22,1.19,0.0
1139,2021-10-21,0.37,0.04,-0.96,0.0
1140,2021-10-22,-0.25,0.01,1.01,0.0
1141,2021-10-25,0.58,0.37,-0.14,0.0
1142,2021-10-26,0.04,-0.77,-0.31,0.0
1143,2021-10-27,-0.76,-0.95,-1.19,0.0
1144,2021-10-28,1.14,0.82,-0.49,0.0
1145,2021-10-29,0.22,0.14,-0.83,0.0
1146,2021-11-01,0.51,2.05,0.45,0.0
1147,2021-11-02,0.24,-0.32,-0.54,0.0
1148,2021-11-03,0.8,1.44,-0.13,0.0
1149,2021-11-04,0.39,-0.28,-1.36,0.0
1150,2021-11-05,0.38,0.78,1.2,0.0
1151,2021-11-08,0.18,0.01,0.08,0.0
1152,2021-11-09,-0.35,-0.14,0.45,0.0
1153,2021-11-10,-1.07,-0.3,0.93,0.0
1154,2021-11-11,0.24,0.63,0.33,0.0
1155,2021-11-12,0.74,-0.45,-0.91,0.0
1156,2021-11-15,-0.02,-0.46,0.69,0.0
1157,2021-11-16,0.5,-0.17,-0.71,0.0
1158,2021-11-17,-0.47,-0.64,-0.25,0.0
1159,2021-11-18,0.06,-0.76,-0.07,0.0
1160,2021-11-19,-0.2,-0.4,-1.28,0.0
1161,2021-11-22,-0.61,0.04,2.77,0.0
1162,2021-11-23,-0.03,-0.19,1.74,0.0
1163,2021-11-24,0.3,-0.14,-0.86,0.0
1164,2021-11-26,-2.23,-1.26,-0.94,0.0
1165,2021-11-29,1.11,-1.32,-0.76,0.0
1166,2021-11-30,-1.95,0.17,-1.14,0.0
1167,2021-12-01,-1.61,-0.46,1.08,0.0
1168,2021-12-02,1.51,0.99,1.27,0.0
1169,2021-12-03,-1.21,-0.87,1.07,0.0
1170,2021-12-06,1.19,0.84,0.61,0.0
1171,2021-12-07,2.22,-0.16,-1.8,0.0
1172,2021-12-08,0.47,0.34,-0.82,0.0
1173,2021-12-09,-1.07,-1.05,1.54,0.0
1174,2021-12-10,0.7,-0.88,0.52,0.0
1175,2021-12-13,-1.04,-0.29,-0.98,0.0
1176,2021-12-14,-0.76,-0.35,1.63,0.0
1177,2021-12-15,1.62,0.02,-1.91,0.0
1178,2021-12-16,-1.2,-0.85,2.77,0.0
1179,2021-12-17,-0.65,1.48,-2.33,0.0
1180,2021-12-20,-1.27,-0.23,-0.4,0.0
1181,2021-12-21,2.06,0.67,0.2,0.0
1182,2021-12-22,0.97,0.18,-0.36,0.0
1183,2021-12-23,0.71,0.29,-0.48,0.0
1184,2021-12-27,1.22,-0.14,0.31,0.0
1185,2021-12-28,-0.27,-0.4,0.8,0.0
1186,2021-12-29,0.06,-0.03,0.17,0.0
1187,2021-12-30,-0.15,0.08,-0.41,0.0
1188,2021-12-31,-0.31,0.18,0.53,0.0
1189,2022-01-03,0.73,0.42,0.8,0.0
1190,2022-01-04,-0.29,-0.08,3.64,0.0
1191,2022-01-05,-2.28,-0.94,2.59,0.0
1192,2022-01-06,0.0,0.38,1.75,0.0
1193,2022-01-07,-0.48,-0.96,2.02,0.0
1194,2022-01-10,-0.15,-0.3,-0.28,0.0
1195,2022-01-11,1.1,-0.2,-0.28,0.0
1196,2022-01-12,0.12,-0.86,0.51,0.0
1197,2022-01-13,-1.57,0.86,2.4,0.0
1198,2022-01-14,0.08,0.04,0.55,0.0
1199,2022-01-18,-2.08,-0.9,1.36,0.0
1200,2022-01-19,-1.01,-0.36,-0.67,0.0
1201,2022-01-20,-1.14,-0.84,-0.23,0.0
1202,2022-01-21,-2.1,0.38,0.48,0.0
1203,2022-01-24,0.53,1.75,-0.24,0.0
1204,2022-01-25,-1.43,-0.2,2.79,0.0
1205,2022-01-26,-0.3,-1.06,0.09,0.0
1206,2022-01-27,-0.79,-1.46,0.78,0.0
1207,2022-01-28,2.45,-0.61,-2.08,0.0
1208,2022-01-31,2.34,0.71,-2.84,0.0
1209,2022-02-01,0.87,0.12,0.66,0.0
1210,2022-02-02,0.48,-1.59,0.72,0.0
1211,2022-02-03,-2.49,0.45,2.17,0.0
1212,2022-02-04,0.89,-0.28,-0.6,0.0
1213,2022-02-07,-0.25,0.66,0.23,0.0
1214,2022-02-08,1.02,0.73,-0.27,0.0
1215,2022-02-09,1.61,0.02,-1.95,0.0
1216,2022-02-10,-1.69,0.03,1.23,0.0
1217,2022-02-11,-1.92,0.91,2.12,0.0
1218,2022-02-14,-0.35,0.09,-0.59,0.0
1219,2022-02-15,1.87,1.03,-1.41,0.0
1220,2022-02-16,-0.02,0.03,0.32,0.0
1221,2022-02-17,-2.28,-0.04,1.08,0.0
1222,2022-02-18,-0.87,0.1,0.94,0.0
1223,2022-02-22,-1.18,-0.35,0.09,0.0
1224,2022-02-23,-1.96,0.06,1.26,0.0
1225,2022-02-24,1.89,0.72,-3.86,0.0
1226,2022-02-25,2.23,-0.15,1.23,0.0
1227,2022-02-28,0.05,0.39,-0.48,0.0
1228,2022-03-01,-1.56,-0.28,-0.82,0.0
1229,2022-03-02,1.81,0.61,1.32,0.0
1230,2022-03-03,-0.88,-0.21,1.51,0.0
1231,2022-03-04,-1.1,-0.52,0.69,0.0
1232,2022-03-07,-3.12,0.72,0.9,0.0
1233,2022-03-08,-0.52,0.96,0.35,0.0
1234,2022-03-09,2.79,0.01,-2.11,0.0
1235,2022-03-10,-0.47,0.3,1.17,0.0
1236,2022-03-11,-1.49,-0.13,1.78,0.0
1237,2022-03-14,-1.06,-0.83,1.74,0.0
1238,2022-03-15,2.15,-0.49,-2.39,0.0
1239,2022-03-16,2.61,0.44,-1.82,0.0
1240,2022-03-17,1.43,0.16,-1.09,0.0
1241,2022-03-18,1.33,-0.19,-1.85,0.0
1242,2022-03-21,-0.17,-0.94,1.6,0.0
1243,2022-03-22,1.31,-0.22,-1.15,0.0
1244,2022-03-23,-1.25,-0.61,0.39,0.0
1245,2022-03-24,1.42,-0.32,-0.78,0.0
1246,2022-03-25,0.27,-0.31,2.19,0.0
1247,2022-03-28,0.73,-0.87,-1.71,0.0
1248,2022-03-29,1.45,1.2,-1.94,0.0
1249,2022-03-30,-0.83,-1.13,0.42,0.0
1250,2022-03-31,-1.55,0.62,-0.43,0.0
1251,2022-04-01,0.39,0.57,-0.58,0.001
1252,2022-04-04,0.94,-0.54,-1.87,0.001
1253,2022-04-05,-1.55,-0.72,0.82,0.001
1254,2022-04-06,-1.24,-0.31,1.09,0.001
1255,2022-04-07,0.33,-0.61,-0.13,0.001
1256,2022-04-08,-0.39,-0.53,2.24,0.001
1257,2022-04-11,-1.54,0.62,1.06,0.001
1258,2022-04-12,-0.29,0.57,0.46,0.001
1259,2022-04-13,1.4,0.62,-0.7,0.001
1260,2022-04-14,-1.28,0.32,1.41,0.001
1261,2022-04-18,-0.21,-0.57,1.81,0.001
1262,2022-04-19,1.77,0.4,-0.94,0.001
1263,2022-04-20,-0.28,0.48,1.26,0.001
1264,2022-04-21,-1.76,-0.55,0.38,0.001
1265,2022-04-22,-2.74,0.26,-0.17,0.001
1266,2022-04-25,0.71,0.12,-1.84,0.001
1267,2022-04-26,-3.0,-0.36,1.78,0.001
1268,2022-04-27,0.12,-0.57,0.35,0.001
1269,2022-04-28,2.44,-0.51,-0.44,0.001
1270,2022-04-29,-3.53,0.87,0.59,0.001
1271,2022-05-02,0.8,0.39,-1.15,0.001
1272,2022-05-03,0.41,0.15,1.64,0.001
1273,2022-05-04,3.0,-0.53,0.34,0.001
1274,2022-05-05,-3.8,-0.25,2.37,0.001
1275,2022-05-06,-0.85,-1.02,1.79,0.001
1276,2022-05-09,-3.54,-0.03,1.31,0.001
1277,2022-05-10,0.2,-0.49,-1.24,0.001
1278,2022-05-11,-1.95,-0.59,2.59,0.001
1279,2022-05-12,0.17,1.21,-1.24,0.001
1280,2022-05-13,2.76,0.37,-2.16,0.001
1281,2022-05-16,-0.6,0.09,1.34,0.001
1282,2022-05-17,2.15,0.94,-0.04,0.001
1283,2022-05-18,-4.04,0.46,1.54,0.001
1284,2022-05-19,-0.34,0.39,-0.77,0.001
1285,2022-05-20,-0.05,-0.13,-0.19,0.001
1286,2022-05-23,1.74,-0.93,1.32,0.001
1287,2022-05-24,-1.23,-0.48,1.85,0.001
1288,2022-05-25,1.22,0.75,0.2,0.001
1289,2022-05-26,2.18,0.01,-0.59,0.001
1290,2022-05-27,2.58,0.01,-1.24,0.001
1291,2022-05-31,-0.71,-0.37,0.4,0.001
1292,2022-06-01,-0.75,0.25,0.72,0.003
1293,2022-06-02,2.09,0.41,-2.05,0.003
1294,2022-06-03,-1.63,1.02,0.52,0.003
1295,2022-06-06,0.33,0.04,0.69,0.003
1296,2022-06-07,0.99,0.19,-0.15,0.003
1297,2022-06-08,-1.02,-0.26,-0.54,0.003
1298,2022-06-09,-2.44,0.45,0.24,0.003
1299,2022-06-10,-3.0,0.27,0.62,0.003
1300,2022-06-13,-4.13,-0.46,0.61,0.003
1301,2022-06-14,-0.25,0.1,0.13,0.003
1302,2022-06-15,1.55,-0.01,-1.68,0.003
1303,2022-06-16,-3.52,-1.08,0.0,0.003
1304,2022-06-17,0.46,0.73,-2.63,0.003
1305,2022-06-21,2.38,-0.84,0.26,0.003
1306,2022-06-22,-0.19,0.04,-1.79,0.003
1307,2022-06-23,1.13,0.32,-3.87,0.003
1308,2022-06-24,3.11,-0.42,-0.03,0.003
1309,2022-06-27,-0.28,0.76,1.26,0.003
1310,2022-06-28,-2.09,0.04,2.36,0.003
1311,2022-06-29,-0.2,-0.58,-1.32,0.003
1312,2022-06-30,-0.96,0.51,-0.15,0.003
1313,2022-07-01,1.14,-0.02,0.11,0.004
1314,2022-07-05,0.48,1.12,-3.35,0.004
1315,2022-07-06,0.17,-0.89,-0.73,0.004
1316,2022-07-07,1.77,0.89,-0.96,0.004
1317,2022-07-08,-0.07,0.07,-0.07,0.004
1318,2022-07-11,-1.39,-0.99,1.59,0.004
1319,2022-07-12,-0.88,0.85,0.52,0.004
1320,2022-07-13,-0.39,0.43,-0.38,0.004
1321,2022-07-14,-0.41,-0.47,-1.01,0.004
1322,2022-07-15,1.95,0.04,0.46,0.004
1323,2022-07-18,-0.71,0.37,1.02,0.004
1324,2022-07-19,2.81,0.84,-0.54,0.004
1325,2022-07-20,0.89,1.08,-1.31,0.004
1326,2022-07-21,0.97,-0.33,-1.6,0.004
1327,2022-07-22,-1.19,-0.84,1.38,0.004
1328,2022-07-25,0.12,0.1,1.68,0.004
1329,2022-07-26,-1.32,0.34,1.06,0.004
1330,2022-07-27,2.72,0.16,-1.26,0.004
1331,2022-07-28,1.19,-0.04,-0.86,0.004
1332,2022-07-29,1.45,-0.88,0.45,0.004
1333,2022-08-01,-0.19,0.18,-0.26,0.008
1334,2022-08-02,-0.49,0.58,-1.4,0.008
1335,2022-08-03,1.67,0.28,-1.93,0.008
1336,2022-08-04,-0.06,0.41,-1.65,0.008
1337,2022-08-05,-0.04,0.94,-0.06,0.008
1338,2022-08-08,0.0,0.97,-0.08,0.008
1339,2022-08-09,-0.68,-1.37,2.11,0.008
1340,2022-08-10,2.36,0.77,-1.59,0.008
1341,2022-08-11,-0.07,0.21,1.65,0.008
1342,2022-08-12,1.76,0.49,-0.73,0.008
1343,2022-08-15,0.38,-0.02,-0.62,0.008
1344,2022-08-16,0.19,-0.14,0.71,0.008
1345,2022-08-17,-0.93,-0.92,1.04,0.008
1346,2022-08-18,0.27,0.35,0.47,0.008
1347,2022-08-19,-1.5,-0.94,0.96,0.008
1348,2022-08-22,-2.14,-0.04,0.37,0.008
1349,2022-08-23,-0.11,0.11,0.33,0.008
1350,2022-08-24,0.4,0.52,-0.61,0.008
1351,2022-08-25,1.45,0.12,-0.01,0.008
1352,2022-08-26,-3.37,-0.27,1.68,0.008
1353,2022-08-29,-0.72,-0.39,0.43,0.008
1354,2022-08-30,-1.11,-0.38,-0.24,0.008
1355,2022-08-31,-0.74,0.23,-0.45,0.008
1356,2022-09-01,-0.01,-1.04,-0.3,0.009
1357,2022-09-02,-0.99,0.11,1.06,0.009
1358,2022-09-06,-0.51,-0.54,-0.52,0.009
1359,2022-09-07,1.92,0.41,-1.53,0.009
1360,2022-09-08,0.78,-0.15,-0.2,0.009
1361,2022-09-09,1.67,0.38,-0.51,0.009
1362,2022-09-12,1.07,0.25,-0.17,0.009
1363,2022-09-13,-4.29,0.05,1.44,0.009
1364,2022-09-14,0.45,-0.19,-0.28,0.009
1365,2022-09-15,-1.03,0.39,0.54,0.009
1366,2022-09-16,-0.99,-0.75,0.85,0.009
1367,2022-09-19,0.72,-0.07,0.67,0.009
1368,2022-09-20,-1.16,-0.3,0.04,0.009
1369,2022-09-21,-1.68,0.33,0.08,0.009
1370,2022-09-22,-1.14,-1.16,0.41,0.009
1371,2022-09-23,-1.85,-0.47,-0.81,0.009
1372,2022-09-26,-1.02,-0.05,-0.75,0.009
1373,2022-09-27,-0.05,0.58,-0.93,0.009
1374,2022-09-28,2.15,0.92,-0.33,0.009
1375,2022-09-29,-2.17,-0.28,0.86,0.009
1376,2022-09-30,-1.42,0.59,0.26,0.009
1377,2022-10-03,2.55,0.01,0.69,0.011
1378,2022-10-04,3.3,0.72,-0.06,0.011
1379,2022-10-05,-0.22,-0.37,0.06,0.011
1380,2022-10-06,-0.86,0.46,0.13,0.011
1381,2022-10-07,-2.91,-0.23,1.68,0.011
1382,2022-10-10,-0.81,0.24,0.76,0.011
1383,2022-10-11,-0.7,0.61,0.32,0.011
1384,2022-10-12,-0.28,0.02,0.02,0.011
1385,2022-10-13,2.4,-0.26,1.57,0.011
1386,2022-10-14,-2.46,-0.21,1.2,0.011
1387,2022-10-17,2.74,0.38,-1.42,0.011
1388,2022-10-18,1.19,-0.13,0.01,0.011
1389,2022-10-19,-0.87,-1.2,1.21,0.011
1390,2022-10-20,-0.8,-0.33,-0.43,0.011
1391,2022-10-21,2.3,-0.05,0.11,0.011
1392,2022-10-24,1.03,-0.63,0.45,0.011
1393,2022-10-25,1.78,1.02,-1.52,0.011
1394,2022-10-26,-0.66,0.7,0.89,0.011
1395,2022-10-27,-0.54,0.43,1.09,0.011
1396,2022-10-28,2.32,0.05,-0.34,0.011
1397,2022-10-31,-0.67,0.47,0.75,0.011
1398,2022-11-01,-0.35,0.44,0.78,0.014
1399,2022-11-02,-2.67,-0.87,1.6,0.014
1400,2022-11-03,-1.03,0.39,0.32,0.014
1401,2022-11-04,1.16,-0.26,1.28,0.014
1402,2022-11-07,0.87,-0.34,0.61,0.014
1403,2022-11-08,0.5,-0.55,-0.36,0.014
1404,2022-11-09,-2.25,-0.51,0.55,0.014
1405,2022-11-10,5.68,1.01,-3.1,0.014
1406,2022-11-11,1.07,0.17,-1.07,0.014
1407,2022-11-14,-0.95,-0.25,0.27,0.014
1408,2022-11-15,1.03,0.46,-0.71,0.014
1409,2022-11-16,-1.04,-1.07,0.56,0.014
1410,2022-11-17,-0.42,-0.29,0.58,0.014
1411,2022-11-18,0.4,-0.09,0.09,0.014
1412,2022-11-21,-0.53,-0.21,0.99,0.014
1413,2022-11-22,1.36,-0.38,0.43,0.014
1414,2022-11-23,0.63,-0.24,-0.94,0.014
1415,2022-11-25,-0.02,0.27,0.43,0.014
1416,2022-11-28,-1.55,-0.47,-0.2,0.014
1417,2022-11-29,-0.18,0.34,1.02,0.014
1418,2022-11-30,3.12,-0.15,-2.07,0.014
1419,2022-12-01,-0.03,0.04,-0.69,0.016
1420,2022-12-02,-0.08,0.84,-0.55,0.016
1421,2022-12-05,-2.02,-0.54,-0.52,0.016
1422,2022-12-06,-1.51,-0.02,1.15,0.016
1423,2022-12-07,-0.24,-0.17,-0.34,0.016
1424,2022-12-08,0.76,-0.09,-1.22,0.016
1425,2022-12-09,-0.8,-0.53,0.35,0.016
1426,2022-12-12,1.41,-0.29,-0.16,0.016
1427,2022-12-13,0.66,0.08,-0.74,0.016
1428,2022-12-14,-0.56,0.03,-0.44,0.016
1429,2022-12-15,-2.57,-0.12,1.37,0.016
1430,2022-12-16,-1.02,0.55,0.18,0.016
1431,2022-12-19,-1.01,-0.61,1.23,0.016
1432,2022-12-20,0.13,0.24,0.25,0.016
1433,2022-12-21,1.52,0.14,-0.13,0.016
1434,2022-12-22,-1.52,0.21,0.36,0.016
1435,2022-12-23,0.51,-0.34,1.16,0.016
1436,2022-12-27,-0.51,-0.43,1.43,0.016
1437,2022-12-28,-1.24,-0.29,-0.29,0.016
1438,2022-12-29,1.87,1.04,-1.07,0.016
1439,2022-12-30,-0.22,0.13,-0.03,0.016
1440,2023-01-03,-0.48,0.05,-0.12,0.017
1441,2023-01-04,0.81,0.56,0.05,0.017
1442,2023-01-05,-1.14,0.14,1.22,0.017
1443,2023-01-06,2.21,-0.01,0.05,0.017
1444,2023-01-09,0.04,0.34,-1.24,0.017
1445,2023-01-10,0.8,0.87,-0.56,0.017
1446,2023-01-11,1.26,0.02,-0.82,0.017
1447,2023-01-12,0.46,1.4,-0.3,0.017
1448,2023-01-13,0.46,0.23,-0.29,0.017
1449,2023-01-17,-0.18,-0.03,-0.52,0.017
1450,2023-01-18,-1.55,0.03,-0.7,0.017
1451,2023-01-19,-0.86,-0.09,0.84,0.017
1452,2023-01-20,1.95,-0.03,-0.7,0.017
1453,2023-01-23,1.29,-0.04,-1.0,0.017
1454,2023-01-24,-0.16,-0.17,0.2,0.017
1455,2023-01-25,0.0,0.13,0.65,0.017
1456,2023-01-26,1.08,-0.62,0.02,0.017
1457,2023-01-27,0.36,0.33,-1.15,0.017
1458,2023-01-30,-1.38,0.04,0.72,0.017
1459,2023-01-31,1.58,0.94,-0.07,0.017
1460,2023-02-01,1.19,0.63,-1.67,0.018
1461,2023-02-02,1.54,1.16,-2.07,0.018
1462,2023-02-03,-1.08,0.37,0.95,0.018
1463,2023-02-06,-0.73,-0.8,0.41,0.018
1464,2023-02-07,1.24,-0.51,-0.04,0.018
1465,2023-02-08,-1.18,-0.68,0.72,0.018
1466,2023-02-09,-0.95,-0.61,0.2,0.018
1467,2023-02-10,0.11,-0.31,1.54,0.018
1468,2023-02-13,1.14,0.09,-0.73,0.018
1469,2023-02-14,0.12,-0.05,-0.67,0.018
1470,2023-02-15,0.51,0.73,-0.9,0.018
1471,2023-02-16,-1.37,0.22,0.97,0.018
1472,2023-02-17,-0.28,0.65,-0.15,0.018
1473,2023-02-21,-2.16,-1.15,0.87,0.018
1474,2023-02-22,-0.04,0.45,-0.43,0.018
1475,2023-02-23,0.46,0.1,-0.24,0.018
1476,2023-02-24,-1.09,-0.27,1.24,0.018
1477,2023-02-27,0.31,0.05,-0.28,0.018
1478,2023-02-28,-0.26,0.53,-0.71,0.018
1479,2023-03-01,-0.42,0.4,0.62,0.016
1480,2023-03-02,0.67,-0.5,-0.41,0.016
1481,2023-03-03,1.61,-0.08,-0.52,0.016
1482,2023-03-06,-0.13,-1.61,-0.09,0.016
1483,2023-03-07,-1.45,0.62,-0.66,0.016
1484,2023-03-08,0.08,0.08,-0.39,0.016
1485,2023-03-09,-2.02,-0.68,-0.67,0.016
1486,2023-03-10,-1.68,-1.38,0.81,0.016
1487,2023-03-13,-0.34,-1.17,-3.52,0.016
1488,2023-03-14,1.71,0.0,-0.4,0.016
1489,2023-03-15,-0.79,-0.52,-1.82,0.016
1490,2023-03-16,1.76,0.01,-0.19,0.016
1491,2023-03-17,-1.21,-1.06,-1.56,0.016
1492,2023-03-20,0.84,-0.36,0.74,0.016
1493,2023-03-21,1.49,0.47,0.67,0.016
1494,2023-03-22,-1.74,-0.81,-0.47,0.016
1495,2023-03-23,0.21,-0.44,-1.54,0.016
1496,2023-03-24,0.46,0.17,0.72,0.016
1497,2023-03-27,0.27,0.51,1.01,0.016
1498,2023-03-28,-0.17,-0.02,0.75,0.016
1499,2023-03-29,1.39,-0.35,-0.53,0.016
1500,2023-03-30,0.5,-0.62,-0.58,0.016
1501,2023-03-31,1.53,0.51,-0.77,0.016
1502,2023-04-03,0.28,-0.19,0.78,0.018
1503,2023-04-04,-0.72,-1.13,-0.73,0.018
1504,2023-04-05,-0.4,-1.01,1.4,0.018
1505,2023-04-06,0.34,-0.03,-0.53,0.018
1506,2023-04-10,0.2,0.86,0.28,0.018
1507,2023-04-11,0.06,0.71,0.58,0.018
1508,2023-04-12,-0.51,-0.43,0.37,0.018
1509,2023-04-13,1.39,0.16,-1.17,0.018
1510,2023-04-14,-0.23,-0.76,0.2,0.018
1511,2023-04-17,0.33,0.7,-0.2,0.018
1512,2023-04-18,0.04,-0.4,-0.29,0.018
1513,2023-04-19,-0.04,0.26,0.39,0.018
1514,2023-04-20,-0.61,0.12,-0.26,0.018
1515,2023-04-21,0.08,0.09,-0.91,0.018
1516,2023-04-24,0.0,-0.27,0.48,0.018
1517,2023-04-25,-1.76,-0.83,0.11,0.018
1518,2023-04-26,-0.41,-0.05,-0.76,0.018
1519,2023-04-27,1.85,-0.6,0.0,0.018
1520,2023-04-28,0.77,0.22,0.18,0.018
1521,2023-05-01,-0.02,0.17,-0.79,0.016
1522,2023-05-02,-1.28,-0.73,-1.39,0.016
1523,2023-05-03,-0.56,0.87,-1.02,0.016
1524,2023-05-04,-0.78,-0.47,-1.0,0.016
1525,2023-05-05,1.9,0.5,0.61,0.016
1526,2023-05-08,0.08,-0.38,-0.27,0.016
1527,2023-05-09,-0.43,0.11,-0.05,0.016
1528,2023-05-10,0.43,0.2,-1.31,0.016
1529,2023-05-11,-0.21,-0.51,-0.07,0.016
1530,2023-05-12,-0.22,-0.11,0.35,0.016
1531,2023-05-15,0.47,0.78,0.01,0.016
1532,2023-05-16,-0.72,-0.45,-0.47,0.016
1533,2023-05-17,1.32,0.85,1.18,0.016
1534,2023-05-18,0.99,-0.23,-0.38,0.016
1535,2023-05-19,-0.26,-0.39,-0.31,0.016
1536,2023-05-22,0.17,1.11,-0.22,0.016
1537,2023-05-23,-1.09,0.61,1.05,0.016
1538,2023-05-24,-0.72,-0.39,-0.19,0.016
1539,2023-05-25,0.64,-1.09,-1.09,0.016
1540,2023-05-26,1.32,-0.29,-0.87,0.016
1541,2023-05-30,-0.01,-0.25,-0.41,0.016
1542,2023-05-31,-0.6,-0.25,-1.13,0.016
1543,2023-06-01,1.02,0.05,-0.07,0.019
1544,2023-06-02,1.62,1.74,1.65,0.019
1545,2023-06-05,-0.26,-1.09,-0.74,0.019
1546,2023-06-06,0.47,2.25,1.32,0.019
1547,2023-06-07,-0.36,1.89,2.25,0.019
1548,2023-06-08,0.59,-0.77,-1.15,0.019
1549,2023-06-09,0.03,-0.79,-0.4,0.019
1550,2023-06-12,0.94,-0.27,-1.39,0.019
1551,2023-06-13,0.74,0.52,0.07,0.019
1552,2023-06-14,-0.04,-1.06,-0.92,0.019
1553,2023-06-15,1.22,-0.36,0.06,0.019
1554,2023-06-16,-0.45,-0.51,0.22,0.019
1555,2023-06-20,-0.49,0.21,-0.66,0.019
1556,2023-06-21,-0.56,0.29,0.55,0.019
1557,2023-06-22,0.32,-0.96,-1.23,0.019
1558,2023-06-23,-0.84,-0.6,0.07,0.019
1559,2023-06-26,-0.48,-0.01,1.3,0.019
1560,2023-06-27,1.21,0.32,-0.52,0.019
1561,2023-06-28,0.04,0.47,-0.42,0.019
1562,2023-06-29,0.44,0.75,0.76,0.019
1563,2023-06-30,1.14,-0.73,-0.77,0.019
1564,2023-07-03,0.15,0.27,1.07,0.022
1565,2023-07-05,-0.29,-1.07,-0.26,0.022
1566,2023-07-06,-0.95,-0.59,-0.68,0.022
1567,2023-07-07,-0.12,1.3,1.22,0.022
1568,2023-07-10,0.37,1.24,0.0,0.022
1569,2023-07-11,0.76,0.18,0.49,0.022
1570,2023-07-12,0.74,0.37,0.44,0.022
1571,2023-07-13,0.9,-0.07,-0.1,0.022
1572,2023-07-14,-0.25,-0.7,-1.51,0.022
1573,2023-07-17,0.49,0.64,-0.27,0.022
1574,2023-07-18,0.78,0.44,1.09,0.022
1575,2023-07-19,0.25,0.26,1.32,0.022
1576,2023-07-20,-0.81,-0.35,0.64,0.022
1577,2023-07-21,-0.05,-0.38,-0.36,0.022
1578,2023-07-24,0.31,-0.03,0.77,0.022
1579,2023-07-25,0.25,-0.23,-0.79,0.022
1580,2023-07-26,0.02,0.86,1.03,0.022
1581,2023-07-27,-0.75,-0.81,0.29,0.022
1582,2023-07-28,1.14,0.43,-0.35,0.022
1583,2023-07-31,0.26,0.99,-0.08,0.022
1584,2023-08-01,-0.35,-0.11,0.3,0.02
1585,2023-08-02,-1.49,-0.05,0.6,0.02
1586,2023-08-03,-0.19,0.02,0.08,0.02
1587,2023-08-04,-0.49,0.08,0.76,0.02
1588,2023-08-07,0.77,-1.09,0.59,0.02
1589,2023-08-08,-0.47,0.1,0.14,0.02
1590,2023-08-09,-0.78,-0.01,-0.06,0.02
1591,2023-08-10,0.01,-0.46,-0.66,0.02
1592,2023-08-11,-0.11,0.24,0.46,0.02
1593,2023-08-14,0.51,-0.84,-0.8,0.02
1594,2023-08-15,-1.18,0.0,-1.04,0.02
1595,2023-08-16,-0.81,-0.48,-0.13,0.02
1596,2023-08-17,-0.87,-0.17,0.49,0.02
1597,2023-08-18,0.04,0.41,-0.22,0.02
1598,2023-08-21,0.64,-0.87,-0.6,0.02
1599,2023-08-22,-0.32,-0.02,-1.04,0.02
1600,2023-08-23,1.08,-0.22,-0.11,0.02
1601,2023-08-24,-1.43,0.01,0.62,0.02
1602,2023-08-25,0.65,-0.23,-0.57,0.02
1603,2023-08-28,0.63,0.09,0.41,0.02
1604,2023-08-29,1.5,-0.08,-0.11,0.02
1605,2023-08-30,0.41,0.09,-0.46,0.02
1606,2023-08-31,-0.08,-0.19,0.22,0.02
1607,2023-09-01,0.26,0.84,0.58,0.021
1608,2023-09-05,-0.54,-1.58,-0.86,0.021
1609,2023-09-06,-0.71,0.01,-0.18,0.021
1610,2023-09-07,-0.4,-0.69,0.03,0.021
1611,2023-09-08,0.12,-0.51,0.4,0.021
1612,2023-09-11,0.66,-0.47,-0.54,0.021
1613,2023-09-12,-0.59,0.21,0.99,0.021
1614,2023-09-13,0.03,-0.87,-0.22,0.021
1615,2023-09-14,0.84,0.49,0.86,0.021
1616,2023-09-15,-1.21,0.21,0.25,0.021
1617,2023-09-18,-0.04,-0.82,-0.19,0.021
1618,2023-09-19,-0.27,-0.11,0.0,0.021
1619,2023-09-20,-0.95,-0.05,0.26,0.021
1620,2023-09-21,-1.69,0.34,0.38,0.021
1621,2023-09-22,-0.25,-0.09,-0.51,0.021
1622,2023-09-25,0.39,-0.06,0.33,0.021
1623,2023-09-26,-1.46,0.36,-0.51,0.021
1624,2023-09-27,0.13,0.78,0.1,0.021
1625,2023-09-28,0.65,0.19,0.04,0.021
1626,2023-09-29,-0.27,-0.02,0.31,0.021
1627,2023-10-02,-0.14,-1.28,-1.05,0.021
1628,2023-10-03,-1.5,-0.26,-0.15,0.021
1629,2023-10-04,0.77,-0.53,-0.37,0.021
1630,2023-10-05,-0.15,0.28,0.09,0.021
1631,2023-10-06,1.21,-0.44,-0.55,0.021
1632,2023-10-09,0.59,-0.16,0.26,0.021
1633,2023-10-10,0.61,0.33,0.62,0.021
1634,2023-10-11,0.32,-0.65,0.38,0.021
1635,2023-10-12,-0.81,-1.5,0.11,0.021
1636,2023-10-13,-0.59,-0.35,0.05,0.021
1637,2023-10-16,1.14,0.58,-0.1,0.021
1638,2023-10-17,0.09,1.05,0.68,0.021
1639,2023-10-18,-1.47,-0.61,-0.17,0.021
1640,2023-10-19,-0.92,-0.54,-0.22,0.021
1641,2023-10-20,-1.32,0.09,-0.15,0.021
1642,2023-10-23,-0.23,-0.58,-0.77,0.021
1643,2023-10-24,0.71,0.09,-0.58,0.021
1644,2023-10-25,-1.58,-0.02,0.85,0.021
1645,2023-10-26,-1.15,1.18,1.68,0.021
1646,2023-10-27,-0.53,-0.58,-0.58,0.021
1647,2023-10-30,1.15,-0.33,0.28,0.021
1648,2023-10-31,0.63,0.05,-0.07,0.021
1649,2023-11-01,0.93,-0.68,-0.02,0.021
1650,2023-11-02,1.95,0.71,1.64,0.021
1651,2023-11-03,1.1,1.73,0.6,0.021
1652,2023-11-06,0.01,-1.22,-0.66,0.021
1653,2023-11-07,0.35,-0.41,-1.2,0.021
1654,2023-11-08,-0.04,-1.01,-0.46,0.021
1655,2023-11-09,-0.89,-1.01,0.5,0.021
1656,2023-11-10,1.49,-0.61,-0.45,0.021
1657,2023-11-13,-0.05,0.06,-0.26,0.021
1658,2023-11-14,2.18,3.23,1.19,0.021
1659,2023-11-15,0.18,0.13,0.5,0.021
1660,2023-11-16,-0.11,-1.5,-0.3,0.021
1661,2023-11-17,0.25,1.22,0.62,0.021
1662,2023-11-20,0.73,-0.11,-0.28,0.021
1663,2023-11-21,-0.32,-0.96,-0.62,0.021
1664,2023-11-22,0.42,0.19,-0.04,0.021
1665,2023-11-24,0.11,0.63,0.18,0.021
1666,2023-11-27,-0.23,-0.14,-0.08,0.021
1667,2023-11-28,0.06,-0.3,0.05,0.021
1668,2023-11-29,0.01,0.58,0.69,0.021
1669,2023-11-30,0.35,-0.4,0.01,0.021
1670,2023-12-01,0.82,2.23,1.07,0.021
1671,2023-12-04,-0.44,1.51,0.5,0.021
1672,2023-12-05,-0.21,-1.05,-0.85,0.021
1673,2023-12-06,-0.39,0.36,0.33,0.021
1674,2023-12-07,0.81,0.09,0.49,0.021
1675,2023-12-08,0.45,0.16,0.53,0.021
1676,2023-12-11,0.35,-0.44,-0.12,0.021
1677,2023-12-12,0.34,-0.64,-0.89,0.021
1678,2023-12-13,1.55,1.92,1.35,0.021
1679,2023-12-14,0.51,1.84,2.03,0.021
1680,2023-12-15,-0.06,-0.59,-0.57,0.021
1681,2023-12-18,0.42,-0.51,-0.36,0.021
1682,2023-12-19,0.72,1.51,0.68,0.021
1683,2023-12-20,-1.56,-0.35,0.15,0.021
1684,2023-12-21,1.09,0.74,-0.02,0.021
1685,2023-12-22,0.2,0.61,0.1,0.021
1686,2023-12-26,0.48,0.83,0.43,0.021
1687,2023-12-27,0.16,0.17,0.1,0.021
1688,2023-12-28,-0.01,-0.38,0.02,0.021
1689,2023-12-29,-0.43,-1.14,-0.36,0.021
1690,2024-01-02,-0.7,-0.26,0.79,0.022
1691,2024-01-03,-1.01,-1.92,-0.14,0.022
1692,2024-01-04,-0.33,0.24,0.09,0.022
1693,2024-01-05,0.15,-0.59,0.65,0.022
1694,2024-01-08,1.49,0.55,-1.31,0.022
1695,2024-01-09,-0.21,-0.75,-0.9,0.022
1696,2024-01-10,0.5,-0.29,-0.44,0.022
1697,2024-01-11,-0.14,-0.66,-0.51,0.022
1698,2024-01-12,-0.01,-0.21,-0.5,0.022
1699,2024-01-16,-0.47,-0.87,-0.64,0.022
1700,2024-01-17,-0.59,-0.16,-0.24,0.022
1701,2024-01-18,0.87,-0.27,-0.34,0.022
1702,2024-01-19,1.19,-0.37,0.65,0.022
1703,2024-01-22,0.39,1.83,0.58,0.022
1704,2024-01-23,0.22,-0.69,-0.58,0.022
1705,2024-01-24,-0.01,-0.76,0.02,0.022
1706,2024-01-25,0.46,0.2,0.56,0.022
1707,2024-01-26,-0.02,0.32,-0.22,0.022
1708,2024-01-29,0.86,0.88,-0.57,0.022
1709,2024-01-30,-0.13,-0.96,0.85,0.022
1710,2024-01-31,-1.74,-0.89,-0.31,0.022
1711,2024-02-01,1.23,0.33,-1.35,0.021
1712,2024-02-02,0.99,-1.57,-0.51,0.021
1713,2024-02-05,-0.42,-0.94,-0.66,0.021
1714,2024-02-06,0.27,0.77,-0.49,0.021
1715,2024-02-07,0.77,-1.02,-0.62,0.021
1716,2024-02-08,0.21,1.4,0.03,0.021
1717,2024-02-09,0.65,0.84,-0.43,0.021
1718,2024-02-12,0.05,1.65,1.1,0.021
1719,2024-02-13,-1.6,-2.52,-0.66,0.021
1720,2024-02-14,1.14,1.37,-0.2,0.021
1721,2024-02-15,0.67,1.23,1.03,0.021
1722,2024-02-16,-0.53,-0.64,-0.21,0.021
1723,2024-02-20,-0.74,-0.74,0.41,0.021
1724,2024-02-21,-0.03,-0.64,0.12,0.021
1725,2024-02-22,2.02,-1.55,-1.32,0.021
1726,2024-02-23,0.02,0.33,-0.04,0.021
1727,2024-02-26,-0.25,0.97,-0.1,0.021
1728,2024-02-27,0.27,1.24,-0.44,0.021
1729,2024-02-28,-0.26,-0.89,-0.01,0.021
1730,2024-02-29,0.54,-0.16,0.99,0.021
1731,2024-03-01,0.76,0.01,-0.56,0.021
1732,2024-03-04,-0.18,-0.61,0.35,0.021
1733,2024-03-05,-1.08,0.05,1.13,0.021
1734,2024-03-06,0.53,-0.27,-0.02,0.021
1735,2024-03-07,1.02,-0.48,0.05,0.021
1736,2024-03-08,-0.66,0.6,0.6,0.021
1737,2024-03-11,-0.21,-0.63,0.4,0.021
1738,2024-03-12,1.04,-1.16,-0.68,0.021
1739,2024-03-13,-0.14,0.35,-0.04,0.021
1740,2024-03-14,-0.43,-1.46,-1.07,0.021
1741,2024-03-15,-0.59,0.95,0.8,0.021
1742,2024-03-18,0.53,-1.04,-0.22,0.021
1743,2024-03-19,0.54,0.45,-0.24,0.021
1744,2024-03-20,1.03,1.04,1.01,0.021
1745,2024-03-21,0.42,0.34,0.97,0.021
1746,2024-03-22,-0.23,-0.99,-0.52,0.021
1747,2024-03-25,-0.26,-0.11,0.87,0.021
1748,2024-03-26,-0.26,0.11,-0.16,0.021
1749,2024-03-27,0.88,1.29,0.92,0.021
1750,2024-03-28,0.1,0.47,0.46,0.021
1751,2024-04-01,-0.27,-0.91,-0.27,0.021
1752,2024-04-02,-0.85,-1.03,0.04,0.021
1753,2024-04-03,0.16,0.33,-0.04,0.021
1754,2024-04-04,-1.23,0.2,0.18,0.021
1755,2024-04-05,1.05,-0.5,-0.69,0.021
1756,2024-04-08,0.01,0.54,0.14,0.021
1757,2024-04-09,0.14,0.31,-0.33,0.021
1758,2024-04-10,-1.01,-1.56,-1.04,0.021
1759,2024-04-11,0.72,0.05,-0.62,0.021
1760,2024-04-12,-1.53,-0.38,0.13,0.021
1761,2024-04-15,-1.29,-0.24,0.75,0.021
1762,2024-04-16,-0.23,-0.28,-0.82,0.021
1763,2024-04-17,-0.64,-0.37,0.55,0.021
1764,2024-04-18,-0.27,-0.1,0.86,0.021
1765,2024-04-19,-0.82,1.25,1.9,0.021
1766,2024-04-22,0.87,-0.12,0.55,0.021
1767,2024-04-23,1.27,0.58,-0.01,0.021
1768,2024-04-24,-0.01,-0.3,0.28,0.021
1769,2024-04-25,-0.48,-0.39,-0.2,0.021
1770,2024-04-26,1.04,0.22,-1.09,0.021
1771,2024-04-29,0.34,0.34,-0.49,0.021
1772,2024-04-30,-1.67,-0.27,-0.26,0.021
1773,2024-05-01,-0.27,1.0,-0.03,0.02
1774,2024-05-02,1.01,0.7,0.02,0.02
1775,2024-05-03,1.19,-0.04,-0.22,0.02
1776,2024-05-06,1.09,-0.02,-0.05,0.02
1777,2024-05-07,0.05,0.04,-0.65,0.02
1778,2024-05-08,-0.09,-0.41,0.59,0.02
1779,2024-05-09,0.52,0.51,0.39,0.02
1780,2024-05-10,0.08,-0.91,0.01,0.02
1781,2024-05-13,-0.04,0.25,-0.26,0.02
1782,2024-05-14,0.57,0.51,0.04,0.02
1783,2024-05-15,1.15,-0.47,-0.21,0.02
1784,2024-05-16,-0.25,-0.22,-0.01,0.02
1785,2024-05-17,0.11,-0.23,0.41,0.02
1786,2024-05-20,0.14,0.16,-0.88,0.02
1787,2024-05-21,0.15,-0.43,0.19,0.02
1788,2024-05-22,-0.35,-0.4,-0.38,0.02
1789,2024-05-23,-0.85,-0.67,-0.64,0.02
1790,2024-05-24,0.72,0.13,0.23,0.02
1791,2024-05-28,-0.04,0.1,-0.83,0.02
1792,2024-05-29,-0.77,-0.38,-0.66,0.02
1793,2024-05-30,-0.52,1.64,0.42,0.02
1794,2024-05-31,0.68,-0.1,0.95,0.02
1795,2024-06-03,0.04,-0.32,-0.62,0.022
1796,2024-06-04,-0.06,-1.33,-0.68,0.022
1797,2024-06-05,1.23,0.35,-0.67,0.022
1798,2024-06-06,-0.06,-0.57,-0.08,0.022
1799,2024-06-07,-0.23,-0.95,0.09,0.022
1800,2024-06-10,0.28,-0.13,-0.29,0.022
1801,2024-06-11,0.2,-0.21,-1.04,0.022
1802,2024-06-12,0.94,0.75,0.05,0.022
1803,2024-06-13,0.04,-1.02,-0.62,0.022
1804,2024-06-14,-0.17,-1.46,-0.65,0.022
1805,2024-06-17,0.78,-0.33,0.58,0.022
1806,2024-06-18,0.2,-0.44,0.36,0.022
1807,2024-06-20,-0.31,-0.36,0.26,0.022
1808,2024-06-21,-0.13,0.44,-0.53,0.022
1809,2024-06-24,-0.25,0.62,1.09,0.022
1810,2024-06-25,0.31,-0.82,-1.22,0.022
1811,2024-06-26,0.16,-0.01,-0.19,0.022
1812,2024-06-27,0.14,0.53,-0.39,0.022
1813,2024-06-28,-0.35,1.0,1.28,0.022
